species,TempClass
Thermobifida fusca,Thermophilic
Escherichia coli,Mesophilic
Thermobifida alba,Thermophilic
Mycolicibacterium thermoresistibile,Thermophilic
Arachnia propionica,
Pseudoxanthomonas suwonensis,
Sphaerobacter thermophilus,
Luteimonas sp. MC1750,
Luteimonas sp. JM171,
Stenotrophomonas acidaminiphila,
Luteimonas yindakuii,
Salmonella enterica,Mesophilic
Luteimonas granuli,
Georgenia wutianyii,
Pseudomonas aeruginosa,Mesophilic
Luteimonas sp. MC1825,
Paenibacillus larvae,
Stenotrophomonas maltophilia,
Luteimonas sp. YGD11-2,
Homo sapiens,
Luteimonas chenhongjianii,
Cellvibrio sp. PSBB006,
Luteimonas sp. MC1572,
Pseudoxanthomonas mexicana,
Lysobacter enzymogenes,
Luteimonas sp. S4-F44,
Thermobacillus composti,
Caldimonas thermodepolymerans,
Pseudoxanthomonas sp. X-1,
Lysobacter alkalisoli,
Lysobacter capsici,
Paracoccus kondratievae,
Actinomadura sp. NAK00032,Thermophilic
Klebsiella quasipneumoniae,Mesophilic
Sorangium cellulosum,
Pseudoxanthomonas daejeonensis,
Cellulosimicrobium cellulans,
Xanthomonas translucens,
Saccharomonospora viridis,
Lysobacter lycopersici,
Xanthomonas campestris,
Xanthomonas sacchari,
Lysobacter sp. CW239,
Burkholderia cepacia,
Pseudoxanthomonas sp. SL93,
Actinomarinicola tropica,
Actinomadura madurae,Thermophilic
Luteimonas fraxinea,
Stenotrophomonas rhizophila,
Lysobacter solisilvae,
Sandaracinus amylolyticus,
Actinomadura sp. WMMA1423,Thermophilic
Thermomonas aquatica,
Protaetiibacter sp. SSC-01,
Xanthomonas citri,
Ureibacillus thermosphaericus,
Chelatococcus sp. CO-6,
Lysobacter sp. 5GHs7-4,
Nonomuraea coxensis,
Cellulomonas fimi,
Lysobacter sp. H21R4,
Cellulomonas sp. NS3,
Lysobacter terrestris,
Mycolicibacterium hassiacum,
Symbiobacterium thermophilum,
Iamia sp. SCSIO 61187,
Lysobacter soli,
Aquihabitans sp. Kera 3,
Cellulomonas sp. PSBB021,
Cellulomonas palmilytica,
Nonomuraea phyllanthi,
Thermobispora bispora,
Stenotrophomonas sp. CW117,
Iamia majanohamensis,
Lysobacter sp. H23M47,
Aquihabitans sp. G128,
Lysobacter luteus,
Thermomonas sp. XSG,
Thermomonospora amylolytica,
Nonomuraea sp. ATCC 55076,
Nonomuraea gerenzanensis,
Mesorhizobium sp. 8,
Thermomonas sp. HDW16,
Pseudomonas putida,Mesophilic
Thermomonas brevis,
Xanthomonas arboricola,
Actinotalea sp. JY-7876,
Nocardiopsis sp. HDS12,
Nocardiopsis dassonvillei,
Lysobacter maris,
Protaetiibacter intestinalis,
Cellulomonas sp. zg.Y338,
Achromobacter xylosoxidans,
Actinomadura verrucosospora,Thermophilic
Microbacterium hominis,
Cellulomonas iranensis,
Cellulomonas sp. Y8,
Cellulomonas shaoxiangyii,
Lysobacter oculi,
Lysobacter sp. S4-A87,
Natronosporangium hydrolyticum,
Cellulomonas wangleii,
Pseudoxanthomonas spadix,
Streptomyces sp. RLB3-6,Mesophilic
Cellulomonas sp. C5510,
Actinomadura sp. WMMB 499,Thermophilic
Xanthomonas hortorum,
Conexibacter woesei,
Thermomonas carbonis,
Bordetella petrii,
Thermomonas sp. IMCC34681,
Cellulomonas sp. S1-8,
Bacillus cereus,
Oerskovia sp. KBS0722,
Parvibaculum lavamentivorans,
Idiomarina loihiensis,
Triticum aestivum,
Pseudoxanthomonas sp. JBR18,
Lysobacter antibioticus,
Alicycliphilus denitrificans,
Streptomyces venezuelae,Mesophilic
Burkholderia multivorans,
Lysobacter sp. TY2-98,
Georgenia faecalis,
Cellulomonas fengjieae,
Streptococcus equinus,
Stutzerimonas stutzeri,
Lysobacter sp. KIS68-7,
Micromonospora aurantiaca,
Rhodococcus rhodochrous,
Rhizobium leguminosarum,
Sanguibacter sp. HDW7,
Arenimonas daejeonensis,
Cellulomonas flavigena,
Novibacillus thermophilus,
Actinomadura graeca,Thermophilic
Xanthomonas euroxanthea,
Lysobacter gummosus,
Xanthomonas sp. AM6,
Cellulomonas sp. H30R-01,
Georgenia sp. TF02-10,
Thermobifida halotolerans,Thermophilic
Cellulomonas sp. JZ18,
Paracoccus pantotrophus,
Pseudomonas chlororaphis,Mesophilic
Sanguibacter keddieii,
Castellaniella defragrans,
Triticum dicoccoides,
Shigella flexneri,Mesophilic
Xanthomonas sp. CFBP 8443,
Capillimicrobium parvum,
Cellulomonas gilvus,
Xanthomonas vesicatoria,
Zingiber officinale,
Variovorax paradoxus,
Isoptericola variabilis,
Protaetiibacter larvae,
Brucella anthropi,
Xanthomonas sp. CFBP 8445,
Chelatococcus daeguensis,
Bordetella hinzii,
Frateuria sp. 5GH9-11,
Cellulomonas sp. zg.Y908,
Streptomyces albidoflavus,Mesophilic
Clavibacter michiganensis,
Polyangium aurulentum,
Lysobacter avium,
Agrobacterium tumefaciens,
Micromonospora sp. WMMC415,
Cellulomonas dongxiuzhuiae,
Xanthomonas oryzae,
Beutenbergia cavernae,
Myxococcus xanthus,
Phoenix dactylifera,
Pseudomonas fluorescens,Mesophilic
Pimelobacter simplex,
Nannocystis sp. fl3,
Thermomonospora curvata,
Polymorphospora rubra,
Aeromicrobium sp. HA,
Escherichia albertii,Mesophilic
Mycolicibacterium phlei,
Xylanimonas protaetiae,
Georgenia yuyongxinii,
Lysobacter sp. K5869,
Isoptericola dokdonensis,
Micromonospora echinaurantiaca,
Aquibium microcysteis,
Phytohabitans suffuscus,
Plantactinospora sp. KBS50,
Pengzhenrongella sicca,
Lysobacter arenosi,
Micromonospora sp. HM134,
Capsicum annuum,
Hordeum vulgare,
Leifsonia sp. 98AMF,
Saccharomonospora azurea,
Streptosporangium roseum,
Micromonospora carbonacea,
Dactylosporangium aurantiacum,
Gemmatirosa kalamazoonensis,
Cellulomonas sp. zg.B89,
Streptosporangium sp. 'caverna',
Streptomyces bingchenggensis,Mesophilic
Cellulosimicrobium protaetiae,
Bordetella bronchiseptica,
Actinoplanes sp. L3-i22,
Stenotrophomonas sp. SAU14A_NAIMI4_5,
Klebsiella pneumoniae,Mesophilic
Nocardioides sp. JS614,
Brucella pseudintermedia,
Luteimicrobium xylanilyticum,
Helianthus annuus,
Nocardiopsis exhalans,
Stenotrophomonas sp. ZAC14D2_NAIMI4_7,
Streptomyces violaceoruber,Mesophilic
Aeromicrobium choanae,
Catellatospora sp. IY07-71,
Miniimonas sp. S16,
Micromonospora sagamiensis,
Mesorhizobium loti,
Microbacterium sp. YJN-G,
Limnochorda pilosa,
Dactylosporangium vinaceum,
Xanthomonas hyacinthi,
Micromonospora inositola,
Vulgatibacter incomptus,
Conexibacter sp. SYSU D00693,
Couchioplanes caeruleus,
Shinella zoogloeoides,
Curtobacterium flaccumfaciens,
Kocuria rosea,
Stenotrophomonas sp. ZAC14A_NAIMI4_1,
Aeromicrobium sp. zg.Y50,
Micromonospora echinofusca,
Aminobacter sp. MSH1,
Micrococcus luteus,
Mesorhizobium sp. L-8-10,
Cupriavidus taiwanensis,
Phytohabitans flavus,
Stenotrophomonas sp. 169,
Nocardiopsis alba,
Occultella kanbiaonis,
Pseudomonas sp. Z8(2022),Mesophilic
Nocardia asteroides,
Mesorhizobium terrae,
Microbacterium sp. NIBRBAC000506063,
Jeotgalicoccus sp. WY2,
Xanthomonas theicola,
Brachybacterium sp. Z12,
Micromonospora purpureochromogenes,
Nocardioides marinisabuli,
Streptomyces sp. WAC 01438,Mesophilic
Micromonospora krabiensis,
Micromonospora maris,
Haliangium ochraceum,
Stenotrophomonas sp. LM091,
Baekduia sp. 0141_2,
Xanthomonas phaseoli,
Pseudazoarcus pumilus,
Rhodopseudomonas palustris,Mesophilic
Pseudomonas mendocina,Mesophilic
Mesorhizobium sp. Pch-S,
Azospirillum brasilense,
Streptomyces hygroscopicus,Mesophilic
Aeromonas sp. ASNIH3,
Archangium violaceum,
Micromonospora echinospora,
Leadbetterella byssophila,
Sphingosinicella microcystinivorans,
Mesorhizobium huakuii,
Achromobacter spanius,
Aminobacter sp. MDW-2,
Streptomyces lividans,Mesophilic
Streptomonospora nanhaiensis,
Ilumatobacter coccineus,
Micromonospora viridifaciens,
Stutzerimonas balearica,
Actinoplanes teichomyceticus,
Staphylococcus equorum,
Micromonospora ferruginea,
Actinocatenispora sera,
Streptomyces albus,Mesophilic
Xylanimonas cellulosilytica,
Actinoplanes ianthinogenes,
Rhodococcus opacus,
Nitratireductor sp. OM-1,
Zea mays,
Baekduia soli,
Bradyrhizobium elkanii,
Nocardioides sp. LMS-CY,
Xanthomonas albilineans,
Steroidobacter denitrificans,
Actinoplanes sp. OR16,
Saccharopolyspora erythraea,
Nocardioides sp. zg-1228,
Nocardioides sp. TF02-7,
Alcaligenes aquatilis,
Ralstonia solanacearum,
Corallococcus sp. EGB,
Saccharothrix syringae,
Micromonospora coriariae,
Bradyrhizobium diazoefficiens,
Actinoplanes sp. N902-109,
Ralstonia pseudosolanacearum,
Streptomyces lydicus,Mesophilic
Salinibacterium sp. ZJ70,
Micromonospora coxensis,
Labilithrix luteola,
Citrobacter freundii,Mesophilic
Pannonibacter phragmitetus,
Alcaligenes faecalis,
Tessaracoccus defluvii,
Micromonospora endophytica,
Pusillimonas sp. M17,
Microbacterium sp. No. 7,
Agrococcus sp. SGAir0287,
Mesorhizobium sp. M1A.F.Ca.IN.022.06.1.1,
Nitratireductor sp. SY7,
Micromonospora siamensis,
Mycobacterium avium,
Brevibacterium sp. CS2,
Paraconexibacter antarcticus,
Lysobacter ciconiae,
Spiribacter sp. E85,
Myroides sp. SCSIO 72103,
Cellulosimicrobium sp. JZ28,
Caenibius tardaugens,
Microbacterium esteraromaticum,
Micromonospora auratinigra,
Micromonospora sp. B006,
Micromonospora chokoriensis,
Bordetella genomosp. 13,
Saccharopolyspora rosea,
Aeromicrobium sp. zg-629,
Phycicoccus sp. HDW14,
Aquibium oceanicum,
Nocardioides sp. dk884,
Ruania suaedae,
Agrococcus sp. SCSIO52902,
Mesorhizobium sp. M9A.F.Ca.ET.002.03.1.2,
Nocardioides humi,
Kytococcus sedentarius,
Egicoccus halophilus,
Xylanimonas allomyrinae,
Rhodococcus pyridinivorans,
Streptomyces viridosporus,Mesophilic
Anaeromyxobacter dehalogenans,
Ornithinimicrobium flavum,
Ensifer adhaerens,
Microbacterium paludicola,
Dokdonella koreensis,
Pseudactinotalea sp. HY158,
Phycicoccus endophyticus,
Mesorhizobium sp. M7D.F.Ca.US.005.01.1.1,
Bacillus subtilis,
Anseongella ginsenosidimutans,
Micromonospora terminaliae,
Sphingopyxis sp. 113P3,
Pusillimonas thiosulfatoxidans,
Ramlibacter tataouinensis,
Dactylosporangium fulvum,
Acholeplasma laidlawii,
Streptomyces marincola,Mesophilic
Plantactinospora sp. BB1,
Nocardioides ochotonae,
Achromobacter mucicolens,
Geodermatophilus obscurus,
Actinoplanes missouriensis,
Flavobacterium sp. I3-2,
Micromonospora sp. WMMA2032,
Mesorhizobium opportunistum,
Staphylococcus sp. MZ9,
Actinokineospora sp. UTMC 2448,
Caulobacter segnis,
Lolium perenne,
Xanthobacter dioxanivorans,
Chondromyces crocatus,
Micromonospora chalcea,
Lolium rigidum,
Paenibacillus polymyxa,
Xanthomonas cassavae,
Mesorhizobium sp. DCY119,
Nicotiana attenuata,
Corynebacterium glutamicum,
Nocardioides campestrisoli,
Burkholderia pseudomallei,
Papaver somniferum,
Nocardioides sp. cx-173,
Nocardioides sp. zg-579,
Jiangella sp. DSM 45060,
Burkholderia cenocepacia,
Brachybacterium faecium,
Triticum urartu,
Micromonospora tulbaghiae,
Nocardioides yefusunii,
Amycolatopsis mediterranei,
Agromyces flavus,
Mesorhizobium sp. M1D.F.Ca.ET.043.01.1.1,
Nocardioides sp. S-1144,
Achromobacter denitrificans,
Agromyces marinus,
Streptomyces niveus,Mesophilic
Pseudomonas knackmussii,Mesophilic
Mesorhizobium sp. L-8-3,
Variovorax sp. PBL-E5,
Jiangella alkaliphila,
Mesorhizobium sp. M3A.F.Ca.ET.080.04.2.1,
Cupriavidus oxalaticus,
Microbacterium oxydans,
Sinorhizobium fredii,
Agromyces archimandritae,
Pseudomonas oryzae,Mesophilic
Achromobacter sp. AONIH1,
Bradyrhizobium sp. 155,
Agromyces soli,
Micromonospora narathiwatensis,
Streptomyces lusitanus,Mesophilic
Microbacterium sediminis,
Micromonospora rifamycinica,
Blastococcus saxobsidens,
Janibacter melonis,
Nocardioides aromaticivorans,
Cellulosimicrobium sp. 72-3,
Agrococcus carbonis,
Nocardioides panacis,
Acuticoccus sp. I52.16.1,
Microbacterium sp. JZ31,
Pseudonocardia petroleophila,
Brevundimonas albigilva,
Stenotrophomonas sp. Pemsol,
Kutzneria albida,
Stenotrophomonas sp. NA06056,
Sulfurivermis fontis,
Lactuca sativa,
Saccharothrix espanaensis,
Miltoncostaea marina,
Methylorubrum populi,
Shinella sp. XGS7,
Actinoplanes friuliensis,
Microterricola viridarii,
Mesorhizobium sp. 131-2-1,
Plantactinospora sp. BC1,
Streptomyces calvus,Mesophilic
Nocardioides sp. S5,
Panicum virgatum,
Nocardia brasiliensis,
Thermaerobacter sp. FW80,
Nocardioides sp. zg-536,
Ornithinimicrobium avium,
Nocardioides dongkuii,
Streptomyces sp. S1A1-7,Mesophilic
Frankia inefficax,
Aerosticca soli,
Mesorhizobium sp. B1-1-8,
Microbacterium sp. str. 'China',
Mesorhizobium sp. M1B.F.Ca.ET.045.04.1.1,
Dactylosporangium roseum,
Ornithinimicrobium sp. HY006,
Pseudonocardia abyssalis,
Mesorhizobium sp. B2-8-5,
Bacillus velezensis,
Streptomyces griseus,Mesophilic
Cupriavidus basilensis,
Pseudonocardia sp. DSM 110487,
Mesorhizobium sp. M1E.F.Ca.ET.045.02.1.1,
Tistrella mobilis,
Kosakonia oryzae,Mesophilic
Brachybacterium huguangmaarense,
Dactylosporangium matsuzakiense,
Nocardioides pantholopis,
Agrococcus sp. SL85,
Pseudomonas furukawaii,Mesophilic
Homoserinibacter sp. YIM 151385,
Gossypium hirsutum,
Bacillus safensis,
Frankia alni,
Agromyces sp. CFWR-12,
Cupriavidus pauculus,
Cellulomonas taurus,
Nocardioides sp. W7,
Alkaliflexus sp. Ai-910,
Marinicauda algicola,
Aegilops tauschii,
Methylorubrum extorquens,
Pseudomonas psychrotolerans,Mesophilic
Streptomyces noursei,Mesophilic
Actinocatenispora thailandica,
Nocardioides sambongensis,
Rathayibacter sp. VKM Ac-2804,
Nocardioides ungokensis,
Amycolatopsis keratiniphila,
Rhodothermus marinus,Thermophilic
Serinicoccus marinus,
Micromonospora craniellae,
Nocardioides okcheonensis,
Ferrovibrio terrae,
Acidovorax avenae,
Actinoplanes derwentensis,
Nocardioides mesophilus,
Miltoncostaea oceani,
Rathayibacter festucae,
Euzebya pacifica,
Kocuria turfanensis,
Frigoribacterium sp. SL97,
Saccharothrix sp. 6-C,
Streptomyces anulatus,Mesophilic
Nocardia cyriacigeorgica,
Nocardioides dokdonensis,
Mesorhizobium sp. AR10,
Nocardioides daphniae,
Caldalkalibacillus thermarum,
Serinicoccus chungangensis,
Nocardioides anomalus,
Achromobacter deleyi,
Blastococcus sp. PRF04-17,
Aeromicrobium erythreum,
Orrella dioscoreae,
Pseudomonas fulva,Mesophilic
Nocardioides sp. JQ2195,
Mesorhizobium sp. M2A.F.Ca.ET.046.03.2.1,
Agromyces sp. H17E-10,
Microbacterium foliorum,
Burkholderia gladioli,
Ureibacillus thermophilus,
Microbacterium atlanticum,
Pisum sativum,
Mesorhizobium sp. INR15,
Streptomyces buecherae,Mesophilic
Micromonospora zamorensis,
Sphingobacterium spiritivorum,
Mesorhizobium sp. M2A.F.Ca.ET.043.05.1.1,
Streptomyces sp. ST13-2-2,Mesophilic
Nocardioides panacisoli,
Dyella thiooxydans,
Agrococcus jejuensis,
Pelagibacterium sp. YIM 151497,
Streptomyces vinaceus,Mesophilic
Dermacoccus nishinomiyaensis,
Amniculibacterium sp. G2-70,
Bordetella genomosp. 9,
Nocardiopsis gilva,
Brucella melitensis,
Microbacterium chocolatum,
Streptomyces sp. SN-593,Mesophilic
Priestia megaterium,
Streptomyces seoulensis,Mesophilic
Mesorhizobium sp. J8,
Mesorhizobium sp. M4B.F.Ca.ET.058.02.1.1,
Leucobacter muris,
Rothia kristinae,
Pseudonocardia broussonetiae,
Chenggangzhangella methanolivorans,
Nocardia terpenica,
Corynebacterium maris,
Amycolatopsis sp. HUAS 11-8,
Hyphomicrobium sp. DMF-1,
Pseudomonas alcaligenes,Mesophilic
Alkalilimnicola ehrlichii,
Dietzia kunjamensis,
Methylobacterium aquaticum,
Xanthomonas cucurbitae,
Stappia indica,
Frigoribacterium sp. NBH87,
Microcella sp. MMS21-STM10,
Leucobacter triazinivorans,
Brachybacterium saurashtrense,
Devosia neptuniae,
Streptomyces coeruleorubidus,Mesophilic
Stella humosa,
Geobacillus thermoleovorans,Thermophilic
Paenibacillus sp. B01,
Flavobacterium sp. CC-SYL302,
Serratia marcescens,Mesophilic
Kitasatospora sp. NA04385,
Aeribacillus pallidus,
Mycobacterium intracellulare,
Intrasporangium calvum,
Archangium gephyra,
Streptomyces aurantiacus,Mesophilic
Streptomyces sp. GBA 94-10 4N24,Mesophilic
Brevibacterium casei,
Methylobacterium currus,
Acinetobacter baumannii,
Rubrobacter xylanophilus,
Anaeromyxobacter sp. Fw109-5,
Neorhizobium galegae,
Nocardioides sp. HDW12B,
Streptomyces chartreusis,Mesophilic
Sinomonas atrocyanea,
Nocardioides seonyuensis,
Microbacterium oleivorans,
Microbacterium sp. ABRD_28,
Halomonas meridiana,
Mesorhizobium ciceri,
Pseudomonas citronellolis,Mesophilic
Azospirillum argentinense,
Frankia sp. QA3,
Solimonas sp. K1W22B-7,
Sinorhizobium meliloti,
Pseudomonas otitidis,Mesophilic
Amycolatopsis albispora,
Frateuria sp. 5GH9-34,
Kutzneria sp. CA-103260,
Bordetella pseudohinzii,
Skermanella sp. TT6,
Amycolatopsis sp. YIM 10,
Streptomyces collinus,Mesophilic
Aeromicrobium marinum,
Marmoricola scoriae,
Nocardioides rotundus,
Microcella flavibacter,
Microvirga sp. R24,
Azotobacter chroococcum,
Pseudomonas syringae,Mesophilic
Nocardioides cynanchi,
Kocuria flava,
Kaustia mangrovi,
Streptomyces mobaraensis,Mesophilic
Mesorhizobium sp. 131-2-5,
Citricoccus sp. SGAir0253,
Ornithinimicrobium pratense,
Microlunatus sagamiharensis,
Pseudonocardia dioxanivorans,
Cellvibrio japonicus,
Bordetella sp. N,
Sphaerotilus sulfidivorans,
Mesorhizobium sp. B2-1-1,
Nitratireductor kimnyeongensis,
Aquisalimonas sp. 2447,
Stenotrophomonas sp. ESTM1D_MKCIP4_1,
Psychroserpens sp. NJDZ02,
Kutzneria chonburiensis,
Paenibacillus sp. 32O-W,
Aquincola tertiaricarbonis,
Microbacterium sp. XT11,
Mycolicibacterium litorale,
Amycolatopsis sp. CA-230715,
Pseudonocardia sp. HH130630-07,
Myroides odoratimimus,
Elaeis guineensis,
Peterkaempfera bronchialis,
Microbacterium luteum,
Microbacterium sp. H1-D42,
Microbacterium sp. KUDC0406,
Pseudonocardia autotrophica,
Thermoleophilum album,
Roseomonas mucosa,
Luteitalea sp. TBR-22,
Pseudonocardia sp. HH130629-09,
Comamonas aquatica,
Amycolatopsis sp. WQ 127309,
Clostridioides difficile,
Cupriavidus gilardii,
Ruania zhangjianzhongii,
Pseudonocardia sp. AL041005-10,
Microbacterium cremeum,
Stackebrandtia nassauensis,
Streptomyces sp. BH-MK-02,Mesophilic
Mesorhizobium onobrychidis,
Streptomyces cinereoruber,Mesophilic
Streptomyces formicae,Mesophilic
Streptomyces genisteinicus,Mesophilic
Brevibacterium luteolum,
Aminobacter sp. NyZ550,
Mesorhizobium australicum,
Hydrogenophaga sp. PBC,
Nocardioides aquaticus,
Halopseudomonas litoralis,Mesophilic
Modestobacter marinus,
Streptomyces spectabilis,Mesophilic
Agrococcus sp. Marseille-Q4369,
Amycolatopsis thermalba,
Cupriavidus metallidurans,
Luteibacter anthropi,
Streptomyces armeniacus,Mesophilic
Streptomyces sp. YIM 121038,Mesophilic
Cnuibacter physcomitrellae,
Achromobacter insolitus,
Microbacterium sp. A18JL241,
Brucella intermedia,
Anaeromyxobacter oryzae,
Leucobacter sp. H25R-14,
Aureimonas sp. OT7,
Microbacterium lemovicicum,
Shinella sp. PSBB067,
Burkholderia lata,
Streptomyces sp. CdTB01,Mesophilic
Bordetella pertussis,
Oryza brachyantha,
Streptomyces sp. RLB1-9,Mesophilic
Acidovorax sp. GBBC 1281,
Mesorhizobium sp. 113-1-2,
Geobacillus thermodenitrificans,Thermophilic
Roseitalea porphyridii,
Serinicoccus hydrothermalis,
Rhizorhabdus wittichii,
Methylococcus capsulatus,
Cereibacter sphaeroides,
Herbiconiux sp. L3-i23,
Nocardioides jishulii,
Streptomyces sp. MBT27,Mesophilic
Kibdelosporangium phytohabitans,
Bordetella trematum,
Microbacterium sp. Clip185,
Hydrogenophaga sp. SL48,
Kitasatospora setae,
Streptomyces sp. NBC_00162,Mesophilic
Yinghuangia sp. ASG 101,
Rhizobium pusense,
Agromyces aureus,
Jatrophihabitans sp. SB3-54,
Microbacterium lushaniae,
Mycobacterium tuberculosis,
Methylobacterium sp. 4-46,
Mycobacterium grossiae,
Variovorax sp. HW608,
Actinomyces marmotae,
Streptomyces harbinensis,Mesophilic
Lentzea guizhouensis,
Delftia tsuruhatensis,
Bradyrhizobium arachidis,
Streptomyces griseoviridis,Mesophilic
Herbiconiux sp. SALV-R1,
Lentzea sp. HUAS12,
Mesorhizobium sp. NZP2298,
Thauera sp. K11,
Brachybacterium ginsengisoli,
Nocardioides houyundeii,
Burkholderia ubonensis,
Mesorhizobium sp. M6A.T.Cr.TU.016.01.1.1,
Xanthomonas sp. SI,
Nocardia farcinica,
Solibacillus sp. ZS111008,
Bordetella bronchialis,
Anaeromyxobacter paludicola,
Luteolibacter ambystomatis,
Microbacterium schleiferi,
Achromobacter sp. MFA1 R4,
Microbacterium sp. nov. GSS16,
Friedmanniella luteola,
Streptomyces sp. NHF165,Mesophilic
Thauera sp. MZ1T,
Enterobacter hormaechei,Mesophilic
Streptomyces prasinus,Mesophilic
Candidatus Frankia datiscae,
Rhizobium sp. CCGE531,
Pseudomonas lalkuanensis,Mesophilic
Salinispora tropica,
Rhodospirillum centenum,
Azospirillum thermophilum,
Pusillimonas sp. T7-7,
Rhodanobacter denitrificans,
Modestobacter sp. L9-4,
Streptomyces peucetius,Mesophilic
Streptomyces sp. KMM 9044,Mesophilic
Leifsonia sp. ZF2019,
Pigmentiphaga sp. H8,
Chromobacterium vaccinii,
Streptomyces sp. A2-16,Mesophilic
Nocardioides piscis,
Mesorhizobium erdmanii,
Mesorhizobium sp. PAMC28654,
Streptomyces sp. ST1015,Mesophilic
Saccharopolyspora gregorii,
Microbacterium sp. EF45047,
Ruania alkalisoli,
Marichromatium purpuratum,
Catenulispora acidiphila,
Clavibacter phaseoli,
Streptomyces ambofaciens,Mesophilic
Corynebacterium stationis,
Paracoccus alcaliphilus,
Brevibacterium sp. BRM-1,
Paraoerskovia marina,
Brachybacterium sp. NBEC-018,
Solibacillus silvestris,
Mesorhizobium sp. 113-3-9,
Devosia sp. I507,
Shinella sp. HZN7,
Bosea sp. RAC05,
Streptomyces lavendulae,Mesophilic
Microbacterium sp. SL75,
Mycolicibacterium pulveris,
Propioniciclava coleopterorum,
Aquisphaera giovannonii,
Gossypium arboreum,
Actinosynnema pretiosum,
Oricola thermophila,
Olea europaea,
Aureimonas mangrovi,
Mesorhizobium sp. WSM1497,
Propioniciclava sp. MC1595,
Mesorhizobium sp. L-2-11,
Diaphorobacter nitroreducens,
Micromonospora sp. LH3U1,
Nocardioides euryhalodurans,
Cellvibrio sp. QJXJ,
Streptomyces tendae,Mesophilic
Diaminobutyricimonas sp. LJ205,
Tessaracoccus flavescens,
Aurantimonas sp. HBX-1,
Paracoccus yeei,
Azoarcus olearius,
Thermoactinomyces vulgaris,Thermophilic
Hartmannibacter diazotrophicus,
Paracoccus sp. MA,
Roseomonas sp. OT10,
Streptomyces globosus,Mesophilic
Streptomyces sp. C8S0,Mesophilic
Microbacterium pygmaeum,
Thermaerobacter sp. PB12/4term,
Verminephrobacter eiseniae,
Verrucosispora sp. NA02020,
Jeotgalicoccus saudimassiliensis,
Brassica napus,
Streptomyces tsukubensis,Mesophilic
Brachybacterium sp. P6-10-X1,
Caldibacillus thermoamylovorans,
Weeksella virosa,
Mesorhizobium amorphae,
Microvirga thermotolerans,
Polymorphum gilvum,
Cellulomonas sp. WB94,
Mycolicibacter sinensis,
Caulobacter flavus,
Luteibacter sp. 321,
Microbacterium sp. BH-3-3-3,
Bordetella flabilis,
Streptantibioticus cattleyicolor,
Streptomyces sp. VN1,Mesophilic
Devosia sp. A16,
Bradyrhizobium erythrophlei,
Bordetella parapertussis,
Microbacterium paraoxydans,
Streptomyces cyanogenus,Mesophilic
Amycolatopsis pretoriensis,
Kineococcus radiotolerans,
Mycolicibacterium austroafricanum,
Vigna unguiculata,
Bifidobacterium animalis,
Nocardioides sp. InS609-2,
Mesorhizobium sp. AR07,
Gulosibacter sediminis,
Algoriphagus sp. Y33,
Pseudomonas sp. OIL-1,Mesophilic
Tautonia plasticadhaerens,
Thermaerobacter marianensis,
Chitinimonas koreensis,
Amycolatopsis methanolica,
Pelagibacterium halotolerans,
Microbacterium sp. 4R-513,
Microbacterium sp. KUDC0405,
Microbacterium sp. 10M-3C3,
Streptomyces drozdowiczii,Mesophilic
Phreatobacter stygius,
Rhodanobacter sp. FDAARGOS 1247,
Streptomyces sp. T12,Mesophilic
Dietzia sp. oral taxon 368,
Azoarcus sp. DD4,
Kitasatospora sp. MMS16-BH015,
Bordetella genomosp. 8,
Streptomyces sp. SYP-A7193,Mesophilic
Ornithinimicrobium sp. JY.X270,
Thioalkalivibrio sulfidiphilus,
Brevibacterium sp. SMBL_HHYL_HB1,
Streptomyces luteoverticillatus,Mesophilic
Streptomyces paludis,Mesophilic
Nordella sp. HKS 07,
Microvirga sp. 17 mud 1-3,
Phyllobacterium zundukense,
Mesorhizobium sp. M2A.F.Ca.ET.043.02.1.1,
Variovorax sp. PAMC26660,
Sinomonas sp. R1AF57,
Amycolatopsis sp. DSM 110486,
Hypericibacter terrae,
Anaeromyxobacter sp. K,
Asparagus officinalis,
Pseudomonas guangdongensis,Mesophilic
Brachybacterium vulturis,
Saccharomonospora glauca,
Kinneretia sp. DAIF2,
Stutzerimonas frequens,
Streptacidiphilus sp. P02-A3a,
Mesorhizobium sp. NBSH29,
Nocardioides sp. Kera G14,
Sphingomonas sanxanigenens,
Amycolatopsis acidiphila,
Lysinibacillus sp. 2017,
Sphingobacterium thalpophilum,
Mycolicibacterium smegmatis,
Streptomyces sp. DSM 40868,Mesophilic
Cohnella candidum,
Brachybacterium halotolerans,
Microbacterium aurum,
Aeromicrobium sp. zg.Y1379,
Streptomyces angustmyceticus,Mesophilic
Marinimicrobium sp. C6131,
Actinomyces radicidentis,
Streptomyces liangshanensis,Mesophilic
Streptomyces rapamycinicus,Mesophilic
Gordonia polyisoprenivorans,
Streptomyces clavuligerus,Mesophilic
Amycolatopsis sp. FDAARGOS 1241,
Amycolatopsis sp. Hca4,
Blastochloris tepida,
Pseudolysobacter antarcticus,
Streptomyces bathyalis,Mesophilic
Janibacter indicus,
Devosia ginsengisoli,
Devosia salina,
Nocardioides sp. CF8,
Sphingobacterium multivorum,
Hypericibacter adhaerens,
Parageobacillus toebii,Thermophilic
Niveibacterium microcysteis,
Mesorhizobium sp. AR02,
Streptomyces sp. LBUM 1475,Mesophilic
Microbacterium sp. Y-01,
Streptomyces lincolnensis,Mesophilic
Streptomyces sp. SCUT-3,Mesophilic
Arthrobacter agilis,
Aeromonas veronii,
Chlamydomonas reinhardtii,
Microbacterium sp. Nx66,
Spiractinospora alimapuensis,
Pseudomonas sp. ZM23,Mesophilic
Stenotrophomonas sp. KCTC 12332,
Streptomyces olivoreticuli,Mesophilic
Brevibacterium aurantiacum,
Phenylobacterium zucineum,
Streptomyces sampsonii,Mesophilic
Sulfurifustis variabilis,
Rhizobium sp. S41,
Methylocaldum marinum,
Roseivivax marinus,
Leucobacter sp. NB 10,
Mumia sp. ZJ1417,
Pirellulimonas nuda,
Cystobacter fuscus,
Kribbella sp. CA-293567,
Kaistia sp. 32K,
Aeromicrobium chenweiae,
Rhizobium ruizarguesonis,
Brachybacterium kimchii,
Burkholderia glumae,
Rhizobacter sp. AJA081-3,
Panicum hallii,
Streptomyces pactum,Mesophilic
Xanthomonas fragariae,
Micropruina glycogenica,
Auraticoccus monumenti,
Oceanithermus profundus,Thermophilic
Planctomyces sp. SH-PL62,
Streptomyces sp. SAT1,Mesophilic
Mesorhizobium japonicum,
Kitasatospora albolonga,
Streptomyces sp. INR7,Mesophilic
Microbacterium sp. LKL04,
Bordetella sp. H567,
Physcomitrium patens,
Arthrobacter crystallopoietes,
Streptomyces sp. Jing01,Mesophilic
Delftia acidovorans,
Tessaracoccus aquimaris,
Sphingomonas panacis,
Solanum stenotomum,
Yimella sp. cx-51,
Leucobacter sp. H21R-36,
Hyphomicrobium nitrativorans,
Pusillimonas sp. DMV24BSW_D,
Cupriavidus necator,
Streptomyces nigra,Mesophilic
Flavobacterium sp. CS20,
Riemerella anatipestifer,
Eucalyptus grandis,
Arsenicicoccus sp. oral taxon 190,
Streptomyces cyaneochromogenes,Mesophilic
Streptomyces sp. 3214.6,Mesophilic
Olivibacter sp. SDN3,
Rhizobium etli,
Rubrivivax gelatinosus,
Allokutzneria albata,
Agrobacterium vitis,
Telopea speciosissima,
Streptomyces parvulus,Mesophilic
Skermanella pratensis,
Streptomyces exfoliatus,Mesophilic
Xylophilus rhododendri,
Hyphomicrobium denitrificans,
Aeromonas caviae,
Streptomyces pristinaespiralis,Mesophilic
Prescottella equi,
Aeromicrobium sp. Leaf245,
Sphingomonas sp. MM-1,
Benincasa hispida,
Comamonas sp. C11,
Rhizobacter gummiphilus,
Geobacter sulfurreducens,
Nakamurella panacisegetis,
Stenotrophomonas sp. DR822,
Streptomyces sp. HL-66,Mesophilic
Frondihabitans sp. 762G35,
Tsukamurella pulmonis,
Aureimonas populi,
Aurantiacibacter sp. MUD11,
Halomonas sp. 3H,
Glycine max,
Agromyces sp. LHK192,
Saccharomonospora cyanea,
Paenibacillus dendritiformis,
Sinorhizobium americanum,
Achromobacter ruhlandii,
Nocardioides sp. B-3,
Saccharomonospora marina,
Streptomyces sp. GS7,Mesophilic
Mycolicibacterium chitae,
Nocardioides sp. WS12,
Amycolatopsis sp. AA4,
Nymphaea colorata,
Streptomyces tirandamycinicus,Mesophilic
Microbacterium terricola,
Kribbella flavida,
Mycolicibacterium sediminis,
Aeromicrobium yanjiei,
Alloactinosynnema sp. L-07,
Amycolatopsis aidingensis,
Luteolibacter luteus,
Quercus robur,
Phreatobacter cathodiphilus,
Streptomyces sp. MA3_2.13,Mesophilic
Microvirga ossetica,
Stigmatella aurantiaca,
Halotalea alkalilenta,
Streptomyces antibioticus,Mesophilic
Pedococcus dokdonensis,
Novosphingobium resinovorum,
Aeromicrobium sp. A1-2,
Streptomyces fradiae,Mesophilic
Pseudoduganella albidiflava,
Thauera humireducens,
Microbacterium caowuchunii,
Persicimonas caeni,
Streptomyces griseorubiginosus,Mesophilic
Ferribacterium limneticum,
Streptomyces thermocarboxydus,Mesophilic
Agromyces protaetiae,
Microbacterium resistens,
Pseudomonas phenolilytica,Mesophilic
Xanthomonas prunicola,
Cryobacterium sp. LW097,
Ancylobacter sp. TS-1,
Streptomyces sp. P3,Mesophilic
Dioscorea cayenensis,
Pseudomonas resinovorans,Mesophilic
Streptomyces sp. CB01881,Mesophilic
Agromyces intestinalis,
Mycobacterium paraintracellulare,
Mesorhizobium sp. B4-1-4,
Streptomyces griseochromogenes,Mesophilic
Conexibacter sp. DBS9H8,
Elioraea tepida,
Diaphorobacter sp. JS3050,
Streptomyces sp. Z423-1,Mesophilic
Arthrobacter alpinus,
Streptomyces sp. CA-210063,Mesophilic
Brevundimonas diminuta,
Methylacidimicrobium sp. AP8,
Kerstersia gyiorum,
Cellvibrio sp. KY-GH-1,
Pseudomonas protegens,Mesophilic
Nocardia wallacei,
Tsukamurella paurometabola,
Belliella baltica,
Ornithinimicrobium ciconiae,
Elizabethkingia anophelis,
Melaminivora suipulveris,
Streptomyces fodineus,Mesophilic
Rathayibacter sp. VKM Ac-2760,
Kocuria palustris,
Actinopolymorpha singaporensis,
Tessaracoccus palaemonis,
Streptomyces gobiensis,Mesophilic
Nakamurella multipartita,
Luteibacter pinisoli,
Streptomyces sp. YPW6,Mesophilic
Sphingomonas melonis,
Diospyros lotus,
Microbacterium azadirachtae,
Streptomyces chromofuscus,Mesophilic
Arachis hypogaea,
Frondihabitans sp. PAMC 28766,
Humibacter ginsenosidimutans,
Corallococcus macrosporus,
Streptomyces actuosus,Mesophilic
Brachybacterium avium,
Curtobacterium sp. MR_MD2014,
Leifsonia shinshuensis,
Microvirga sp. VF16,
Serinicoccus profundi,
Sagittula sp. P11,
Streptomyces phaeoluteigriseus,Mesophilic
Janibacter sp. CX7,
Streptomyces sp. Go-475,Mesophilic
Epidermidibacterium keratini,
Rhodanobacter thiooxydans,
Mycobacterium sp. 20KCMC460,
Saccharopolyspora gloriosae,
Streptomyces ferrugineus,Mesophilic
Kocuria rhizophila,
Nocardioides coralli,
Phenylobacterium sp. NIBR 498073,
Aureimonas sp. AU20,
Streptomyces roseirectus,Mesophilic
Streptomyces sp. S465,Mesophilic
Candidatus Thiodictyon syntrophicum,
Streptomyces sp. HUAS 13-4,Mesophilic
Streptomyces xinghaiensis,Mesophilic
Glutamicibacter arilaitensis,
Clostridium botulinum,Mesophilic
Pseudoduganella armeniaca,
Kitasatospora sp. YST-16,
Rhodococcus sp. 75,
Parageobacillus thermoglucosidasius,Thermophilic
Roseovarius indicus,
Halorhodospira halophila,
Sulfuritortus calidifontis,
Streptomyces liliifuscus,Mesophilic
Mesorhizobium sp. M8A.F.Ca.ET.057.01.1.1,
Streptomyces qaidamensis,Mesophilic
Corynebacterium sphenisci,
Jiella sp. HL-NP1,
Mesorhizobium sp. B2-1-8,
Sphaerotilus sp. FB-5,
Ralstonia mannitolilytica,
Thiohalobacter thiocyanaticus,
Streptomyces fungicidicus,Mesophilic
Pseudomonas phragmitis,Mesophilic
Sorghum bicolor,
Mameliella alba,
Sphingobium baderi,
endosymbiont of unidentified scaly snail isolate Monju,
Daucus carota,
Egibacter rhizosphaerae,
Dermacoccus sp. PAMC28757,
Agromyces laixinhei,
Methylococcus sp. Mc7,
Stenotrophomonas sp. WZN-1,
Streptomyces sp. GQFP,Mesophilic
Saccharopolyspora pogona,
Burkholderia ambifaria,
Solanum lycopersicum,
Streptomyces sp. GMY02,Mesophilic
Rhodocaloribacter litoris,
Skermanella mucosa,
Azospira restricta,
Thermothielavioides terrestris,
Agromyces badenianii,
Ornithinimicrobium sp. HY1793,
Rubrobacter marinus,
Arachis ipaensis,
Conexibacter sp. S30A1,
Bradyrhizobium sp. 200,
Melittangium boletus,
Alcanivorax sp. ALC70,
Rhodococcus aetherivorans,
Pseudothauera hydrothermalis,
Streptomyces sp. FIT100,Mesophilic
Plantibacter sp. PA-3-X8,
Thauera sp. WB-2,
Leifsonia sp. PS1209,
Lupinus angustifolius,
Paenibacillus mucilaginosus,
Paracoccus everestensis,
Rhodovulum sulfidophilum,
Streptomyces sp. JB150,Mesophilic
Arthrobacter sulfonylureivorans,
Aureimonas sp. SA4125,
Luteibacter sp. 353,
Streptomyces koyangensis,Mesophilic
Streptomyces lunaelactis,Mesophilic
Streptomyces sp. CB00271,Mesophilic
Corynebacterium xerosis,
Indioceanicola profundi,
Curtobacterium sp. BH-2-1-1,
Leifsonia xyli,
Paenibacillus albicereus,
Brachypodium distachyon,
Brevibacillus composti,
Cucumis melo,
Streptomyces sp. W1SF4,Mesophilic
Amycolatopsis sp. FU40,
Pseudonocardia sp. EC080625-04,
Clostridium butyricum,Mesophilic
Devosia beringensis,
Janibacter sp. YB324,
Rhodococcus gordoniae,
Acidovorax monticola,
Pseudomonas sp. Q1-7,Mesophilic
Streptomyces sp. SirexAA-E,Mesophilic
Salinibacterium sp. dk2585,
Streptomyces antimycoticus,Mesophilic
Streptomyces sp. So13.3,Mesophilic
Aminobacter sp. SR38,
Sphingobium yanoikuyae,
Streptomyces yangpuensis,Mesophilic
Frigoriglobus tundricola,
Streptacidiphilus sp. PB12-B1b,
Microlunatus soli,
Streptomonospora litoralis,
Cohnella sp. LGH,
Roseibium sp. Sym1,
Cellvibrio sp. PSBB023,
Streptomyces sp. MST-110588,Mesophilic
Streptomyces sp. NEAU-sy36,Mesophilic
Curtobacterium sp. L6-1,
Urbifossiella limnaea,
Streptomyces aureoverticillatus,Mesophilic
Rathayibacter sp. VKM Ac-2801,
Truepera radiovictrix,
Streptomyces ficellus,Mesophilic
Gryllotalpicola protaetiae,
Dietzia sp. B32,
Acidipropionibacterium acidipropionici,
Hydrogenibacillus sp. N12,
Aureimonas altamirensis,
Chryseobacterium sp. POL2,
Martelella sp. AD-3,
Azorhizobium caulinodans,
Pseudolabrys taiwanensis,
Wenzhouxiangella marina,
Stenotrophomonas sp. NY11291,
Streptomyces sp. HM190,Mesophilic
Microbacterium sp. SSW1-51,
Echinicola marina,
Streptomyces tubbatahanensis,Mesophilic
Gordonia rubripertincta,
Mesorhizobium sp. M7A.F.Ce.TU.012.03.2.1,
Thioalkalivibrio sp. K90mix,
Deinococcus irradiatisoli,
Achromobacter pestifer,
Ancylobacter polymorphus,
Novosphingobium aromaticivorans,
Plantibacter sp. M259,
Immundisolibacter cernigliae,
Xanthobacter sp. YC-JY1,
Sphingomonas sp. CV7422,
Macadamia integrifolia,
Pseudomonas sp. phDV1,Mesophilic
Caldinitratiruptor microaerophilus,
Tepidiforma sp. YIM 72310,
Luteibacter rhizovicinus,
Kitasatospora aureofaciens,
Celeribacter indicus,
Microbulbifer sp. YPW16,
Microcella alkaliphila,
Caulobacter vibrioides,
Bosea sp. NBC_00436,
Pseudomonas parafulva,Mesophilic
Burkholderia contaminans,
Aeromonas hydrophila,
Streptomyces sp. MRC013,Mesophilic
Rhodococcus sp. X156,
Bacillus smithii,
Youhaiella tibetensis,
Streptomyces cadmiisoli,Mesophilic
Streptomyces dangxiongensis,Mesophilic
Microbacterium oryzae,
Deinococcus soli (ex Cha et al. 2016),
Azospirillum sp. TSH100,
Sphingomonas naphthae,
Aromatoleum petrolei,
Streptomyces griseocarneus,Mesophilic
Streptomyces rectiverticillatus,Mesophilic
Streptomyces rimosus,Mesophilic
Demequina sp. TMPB413,
Rhodococcus ruber,
Streptomyces durmitorensis,Mesophilic
Pseudomonas entomophila,Mesophilic
Dyella japonica,
Zymoseptoria tritici,
Actinomyces naeslundii,
Paradevosia shaoguanensis,
Paracoccus denitrificans,
Rhodovastum atsumiense,
Massilia antarctica,
Roseimicrobium sp. ORNL1,
Streptomyces lienomycini,Mesophilic
Streptomyces sp. NA04227,Mesophilic
Streptomyces sp. RerS4,Mesophilic
Streptomyces sp. Tu 2975,Mesophilic
Paenibacillus glucanolyticus,
Frankia sp. ArI3,
Janibacter limosus,
Curtobacterium sp. Csp1,
Tsukamurella sp. PLM1,
Tessaracoccus sp. MC1865,
Streptomyces sp. HUAS 14-6,Mesophilic
Amycolatopsis orientalis,
Pseudorhizobium flavum,
Xanthomonas sp. GW,
Verrucomicrobium spinosum,
Streptomyces broussonetiae,Mesophilic
Bosea vaviloviae,
Streptomyces sp. NA02536,Mesophilic
Leifsonia sp. 21MFCrub1.1,
Mesorhizobium sp. AA22,
Nitrosomonas europaea,
Pseudolabrys sp. FHR47,
Nitrospirillum amazonense,
Caulobacter sp. NIBR2454,
Methylobacterium sp. FF17,
Streptomyces hundungensis,Mesophilic
Massilia sp. HC52,
Streptomyces sp. HUAS 2-6,Mesophilic
Streptomyces sp. MMBL 11-1,Mesophilic
Microbacterium sp. SSW1-36,
Devosia sp. MC521,
Acidihalobacter aeolianus,
Mycobacterium goodii,
Starkeya novella,
Lautropia mirabilis,
Streptomyces sp. Go40/10,Mesophilic
Streptomyces sp. HP-A2021,Mesophilic
Mycobacterium holsaticum,
Mycolicibacterium neoaurum,
Methylobacterium oryzae,
Starkeya sp. ORNL1,
Streptomyces kanamyceticus,Mesophilic
Kroppenstedtia eburnea,
Phycisphaera mikurensis,
Streptomyces asoensis,Mesophilic
Streptomyces sp. NA02950,Mesophilic
Methylobacterium nodulans,
Roseibium aggregatum,
Impatiens glandulifera,
Solanum pennellii,
Microbacterium wangchenii,
Massilia oculi,
Streptomyces glaucescens,Mesophilic
Breoghania sp. L-A4,
Hydrogenophaga sp. YM1,
Streptomyces sp. HF10,Mesophilic
Mycobacteroides abscessus,Mesophilic
Sinorhizobium sp. BG8,
Prauserella marina,
Bacillus anthracis,
Paenibacillus urinalis,
Aquabacterium sp. J223,
Lysobacter sp. HDW10,
Luteolibacter sp. SL250,
Aromatoleum bremense,
Kitasatospora sp. HUAS 3-15,
Streptomyces sp. WA1-19,Mesophilic
Microbacterium sp. M28,
Paenibacillus lentus,
Variovorax sp. PBL-H6,
Pseudomonas paraeruginosa,Mesophilic
Streptomyces griseofuscus,Mesophilic
Humisphaera borealis,
Alienimonas californiensis,
Mesorhizobium sp. 131-3-5,
Caldimonas brevitalea,
Streptomyces subrutilus,Mesophilic
Streptomyces xanthii,Mesophilic
Cytobacillus oceanisediminis,
Marinithermus hydrothermalis,Thermophilic
Bosea sp. F3-2,
Luteitalea pratensis,
Streptomyces sp. SCSIO ZS0520,Mesophilic
Nocardia nova,
Paracoccus sanguinis,
Schlegelella aquatica,
Brucella abortus,
Methylobacterium brachiatum,
Labrys sp. KNU-23,
Myxococcus sp. SCHIC003,
Opitutus sp. GAS368,
Tellurirhabdus rosea,
Massilia sp. WG5,
Actinosynnema mirum,
Streptomyces sp. RTd22,Mesophilic
Bradyrhizobium sp. CW1,
Massilia forsythiae,
Streptomyces aquilus,Mesophilic
Virgibacillus pantothenticus,
Gemmata obscuriglobus,
Methylosinus trichosporium,
Streptomyces sp. CMB-StM0423,Mesophilic
Stappia sp. ES.058,
Salipiger profundus,
Parazoarcus communis,
Ruania halotolerans,
Brevibacillus marinus,
Sphingomonas glaciei,
Thioalkalivibrio nitratireducens,
Halomonas sp. M4R1S46,
Quercus lobata,
Leucobacter sp. CX169,
Pikeienuella piscinae,
Kineobactrum salinum,
Bradyrhizobium canariense,
Aquabacterium olei,
Alcanivorax sp. N3-2A,
Streptomyces incarnatus,Mesophilic
Acidovorax sp. YS12,
Halalkalibacterium halodurans,
Tepidiforma bonchosmolovskayae,
Novosphingobium sp. Sx8-5,
Pyxidicoccus sp. SCPEA002,
Camelina sativa,
Herbaspirillum seropedicae,
Streptomyces qinzhouensis,Mesophilic
Rhodococcus sp. PBTS 1,
Solicola gregarius,
Croceibacterium atlanticum,
Novosphingobium pentaromativorans,
Cupriavidus campinensis,
Carya illinoinensis,
Streptomyces capitiformicae,Mesophilic
Streptomyces nodosus,Mesophilic
Ideonella dechloratans,
Roseateles sp. BIM B-1768,
Azoarcus sp. KH32C,
Brachybacterium sp. SGAir0954,
Methylobacterium sp. 17Sr1-1,
Thiocapsa bogorovii,
Pseudomonas oleovorans,Mesophilic
Actinomyces sp. oral taxon 171,
Streptomyces sp. HSG2,Mesophilic
Microbacterium sp. CGR1,
Flavobacterium columnare,
Micromonospora sp. L5,
Mycobacterium sp. IDR2000157661,
Paenibacillus sp. RUD330,
Halopseudomonas aestusnigri,Mesophilic
Jannaschia sp. W003,
Sphingopyxis sp. MG,
Gossypium raimondii,
Clavibacter zhangzhiyongii,
Microbacterium sp. SGAir0570,
Microbacterium sp. Se63.02b,
Chryseolinea soli,
Sphingobium cloacae,
Wenzhouxiangella sp. AB-CW3,
Halomonas sp. Y3,
Streptomyces leeuwenhoekii,Mesophilic
Mycobacterium sp. SMC-8,
Geobacillus stearothermophilus,Thermophilic
Croceicoccus marinus,
Bordetella holmesii,
Methanobrevibacter olleyae,
Streptomyces fagopyri,Mesophilic
Chryseoglobus indicus,
Acidovorax sp. T1,
Streptomyces sp. TN58,Mesophilic
Streptomyces tuirus,Mesophilic
Salinibacterium sp. UTAS2018,
Paralcaligenes sp. KSB-10,
Pseudomonas hydrolytica,Mesophilic
Streptomyces alfalfae,Mesophilic
Streptomyces sp. M92,Mesophilic
Agrobacterium fabacearum,
Ancylobacter pratisalsi,
Schaalia odontolytica,
Streptomyces tanashiensis,Mesophilic
Kribbella qitaiheensis,
Rhodoplanes sp. Z2-YC6860,
Bradyrhizobium japonicum,
Sphingomonas sp. CL5.1,
Streptomyces cyaneogriseus,Mesophilic
Streptomyces pratensis,Mesophilic
Streptomyces sp. 891-h,Mesophilic
Pseudorhizobium banfieldiae,
Pseudomonas sp. MTM4,Mesophilic
Streptomyces atratus,Mesophilic
Corallococcus coralloides,
Juglans regia,
Streptomyces deccanensis,Mesophilic
Streptomyces sp. XC 2026,Mesophilic
Allobranchiibius sp. GilTou73,
Propionibacterium freudenreichii,
Sphingobacterium hotanense,
Setaria viridis,
Arthrobacter sp. ERGS1:01,
Paenibacillus macerans,
Halomonas aestuarii,
Bradyrhizobium sp. BTAi1,
Ensifer alkalisoli,
Sphingopyxis macrogoltabida,
Pseudomonas oryzihabitans,Mesophilic
Mycolicibacterium fallax,
Roseomonas sp. S08,
Streptomyces spongiicola,Mesophilic
Microbacterium sp. EF45044,
Clostridium perfringens,Mesophilic
Phenylobacterium sp. LH3H17,
Streptomyces gardneri,Mesophilic
Streptomyces sp. LRE541,Mesophilic
Saccharopolyspora spinosa,
Caulobacter soli,
Thioalkalivibrio paradoxus,
Populus trichocarpa,
Streptomyces vietnamensis,Mesophilic
Azospirillum thiophilum,
Xanthomonas sp. SS,
Vigna angularis,
Streptomyces sp. HUAS 31,Mesophilic
Streptomyces sp. S1D4-20,Mesophilic
Streptomyces sp. SUK 48,Mesophilic
Caulobacter sp. NIBR1757,
Leptothrix cholodnii,
Streptomyces sp. Caat 7-52,Mesophilic
Paenibacillus sp. PSB04,
Rhodobacter sp. LPB0142,
Paraburkholderia aromaticivorans,
Tepidimonas taiwanensis,
Acidovorax sp. HDW3,
Cyclobacterium amurskyense,
Flavobacterium sp. CECT 9288,
Cupriavidus cauae,
Massilia putida,
Microbacterium testaceum,
Bradyrhizobium lablabi,
Ensifer mexicanus,
Streptomyces auratus,Mesophilic
Streptomyces phaeolivaceus,Mesophilic
Paenarthrobacter ureafaciens,
Rhodococcus sp. SGAir0479,
Kiritimatiella glycovorans,
Flavobacterium sediminis,
Magnetospirillum sp. ME-1,
Cannabis sativa,
Mycobacterium lacus,
Mycolicibacterium poriferae,
Ancylobacter sp. SL191,
Usitatibacter rugosus,
Streptomyces sp. MOE7,Mesophilic
Curtobacterium sp. TXMA1,
Microbacterium sp. CBA3102,
Microbacterium sp. PAMC 28756,
Arthrobacter sp. KBS0702,
Tsukamurella tyrosinosolvens,
Propionibacterium acidifaciens,
Geobacillus sp. 47C-IIb,Thermophilic
Aerococcus urinaeequi,
Rhodobacter sp. CZR27,
Novosphingobium decolorationis,
Oryza sativa,
Streptomyces gilvosporeus,Mesophilic
Streptomyces inhibens,Mesophilic
Streptomyces sp. AMCC400023,Mesophilic
Paenarthrobacter sp. YJN-D,
Cynara cardunculus,
Malus domestica,
Microbacterium protaetiae,
Paracoccus stylophorae,
Paenibacillus lycopersici,
Marivirga tractuosa,
Methylobacterium organophilum,
Georhizobium profundi,
Cupriavidus nantongensis,
Coffea eugenioides,
Salvia splendens,
Bremerella volcania,
Streptomyces avermitilis,Mesophilic
Bradyrhizobium sp. 195,
Magnetospirillum gryphiswaldense,
Erythrobacter sp. 3-20A1M,
Thermochromatium tepidum,
Pseudomonas eucalypticola,Mesophilic
Actinacidiphila bryophytorum,
Brevundimonas naejangsanensis,
Microbulbifer elongatus,
Rhodanobacter glycinis,
Streptomyces rutgersensis,Mesophilic
Streptomyces sp. QHH-9511,Mesophilic
Dietzia lutea,
Mycobacterium saskatchewanense,
Weizmannia coagulans,
Mitsuaria sp. 7,
Luteibacter sp. 335,
Mycolicibacterium celeriflavum,
Burkholderia sp. DHOD12,
Acidihalobacter ferrooxydans,
Roseomonas marmotae,
Streptomyces davaonensis,Mesophilic
Rhodococcus sp. W8901,
Rathayibacter sp. VKM Ac-2762,
Mycolicibacterium rutilum,
Paenibacillus naphthalenovorans,
Planctomyces sp. SH-PL14,
Devosia sp. JXJ CY 41,
Paroceanicella profunda,
Streptomyces cavourensis,Mesophilic
Rathayibacter sp. VKM Ac-2759,
Arachidicoccus sp. BS20,
Methylobacterium tardum,
Idiomarina sp. OT37-5b,
Clavibacter californiensis,
Mycobacterium rufum,
Flammeovirga yaeyamensis,
Mesorhizobium sp. NZP2077,
Erythrobacter sp. JK5,
Streptomyces akebiae,Mesophilic
Flavobacterium sp. KACC 22758,
Bradyrhizobium sediminis,
Acinetobacter johnsonii,
Luteibacter flocculans,
Streptomyces sp. Rer75,Mesophilic
Mycolicibacterium chubuense,
Rhizobium phaseoli,
Sediminicoccus rosea,
Sinimarinibacterium sp. NLF-5-8,
Pseudomonas alkylphenolica,Mesophilic
Streptomyces nitrosporeus,Mesophilic
Curtobacterium sp. SGAir0471,
Bosea sp. AS-1,
Sphingomonas cannabina,
Hydrogenophaga sp. NH-16,
Mercurialis annua,
Streptomyces sp. BHT-5-2,Mesophilic
Phreatobacter sp. NMCR1094,
Paraburkholderia tropica,
Variovorax sp. RA8,
Pseudomonas monteilii,Mesophilic
Streptomyces sp. NA13,Mesophilic
Bradyrhizobium sp. CCBAU 51753,
Rhizobium daejeonense,
Paraburkholderia pallida,
Thiomonas arsenitoxydans,
Pseudomonas sp. LS44,Mesophilic
Bacillus pumilus,
Komagataeibacter xylinus,
Alloalcanivorax xenomutans,
Streptomyces sp. CCM_MD2014,Mesophilic
Amycolatopsis japonica,
Flavobacterium covae,
Rhizobium sp. TH2,
Variovorax sp. WDL1,
Streptomyces sp. fd1-xmd,Mesophilic
Microbacterium sp. PM5,
Salinibacter ruber,
Chryseobacterium camelliae,
Devosia oryziradicis,
Methylobacterium indicum,
Magnetospirillum magneticum,
Hydrogenophaga crocea,
Musa acuminata,
Acidimicrobium ferrooxidans,
Streptomyces sp. 2323.1,Mesophilic
Mycolicibacillus parakoreensis,
Nocardia huaxiensis,
Flavobacterium sp. LPB0248,
Paracoccus sp. MC1862,
Acidovorax antarcticus,
Aeromonas sp. FDAARGOS 1403,
Teredinibacter turnerae,
Frankia casuarinae,
Limnoglobus roseus,
Pseudomonas sp. PDNC002,Mesophilic
Streptomyces sp. EMB24,Mesophilic
Mycolicibacterium aurum,
Pseudomonas sp. TCU-HL1,Mesophilic
Cicer arietinum,
Rhodococcus sp. Z13,
Microlunatus phosphovorus,
Amycolatopsis sp. BJA-103,
Tenacibaculum sp. AHE14PA,
Streptomyces sp. 135,Mesophilic
Curtobacterium sp. YC1,
Glaciihabitans sp. INWT7,
Gordonia insulae,
Sphingomonas sp. NBWT7,
Janthinobacterium sp. 1_2014MBL_MicDiv,
Massilia sp. YMA4,
Spiribacter sp. 2438,
Actinomyces sp. oral taxon 414,
Streptomyces alboflavus,Mesophilic
Streptomyces nojiriensis,Mesophilic
Kocuria varians,
Microlunatus sp. Gsoil 973,
Devosia rhizoryzae,
Methylocystis heyeri,
Cajanus cajan,
Mycolicibacterium moriokaense,
Devosia sp. SL43,
Thiocystis violascens,
Pseudomonas benzenivorans,Mesophilic
Pseudomonas saudiphocaensis,Mesophilic
Pseudomonas sp. GCEP-101,Mesophilic
Rathayibacter tritici,
Hoeflea phototrophica,
Roseomonas cervicalis,
Burkholderia pyrrocinia,
Actinomyces oris,
Microlunatus elymi,
Bradyrhizobium betae,
Thauera chlorobenzoica,
Thermothelomyces thermophilus,
Mycolicibacterium alvei,
Bosea sp. PAMC 26642,
Sphingomonas sp. PAMB00755,
Variovorax sp. 38R,
Isoalcanivorax pacificus,
Streptomyces murinus,Mesophilic
Rhodoferax koreense,
Raineyella fluvialis,
Janthinobacterium sp. PAMC25594,
Pseudomonas sp. J452,Mesophilic
Rhodopseudomonas boonkerdii,
Burkholderia sp. FERM BP-3421,
Corallococcus sp. NCRR,
Microbulbifer aggregans,
Microbulbifer sp. YPW1,
Streptomyces katrae,Mesophilic
Streptomyces violascens,Mesophilic
Tetrasphaera sp. HKS02,
Sinorhizobium medicae,
Bordetella avium,
Zobellella denitrificans,
Pseudomonas sp. DTU12.1,Mesophilic
Mangifera indica,
Streptomyces microflavus,Mesophilic
Gilvimarinus sp. DA14,
Streptomyces sp. CNQ-509,Mesophilic
Methylobacterium mesophilicum,
Novosphingobium sp. EMRT-2,
Microvirgula aerodenitrificans,
Streptomyces sp. SM18,Mesophilic
Bacillus sp. H8-1,
Escherichia fergusonii,Mesophilic
Juglans microcarpa x Juglans regia,
Methylobacterium terrae,
Ananas comosus,
Cryobacterium sp. PAMC25264,
Methylobacterium sp. NMS14P,
Methylobacterium sp. WL1,
Nitrogeniibacter mangrovi,
Oryza glaberrima,
Skermania piniformis,
Urechidicola croceus,
Empedobacter stercoris,
Neorhizobium sp. NCHU2750,
Roseococcus microcysteis,
Bosea sp. NBC_00550,
Candidatus Filomicrobium marinum,
Xanthomonas euvesicatoria,
Microbacterium chengjingii,
Mycolicibacterium fortuitum,
Nocardia yunnanensis,
Thermoclostridium stercorarium,
Pontibacter akesuensis,
Roseomonas haemaphysalidis,
Thiohalobacter sp. COW1,
Ipomoea triloba,
Streptomyces rubrolavendulae,Mesophilic
Streptomyces sp. HUAS 15-9,Mesophilic
Corynebacterium ammoniagenes,
Nocardia gipuzkoensis,
Paenibacillus konkukensis,
Roseomonas gilardii,
Cupriavidus sp. EM10,
Stenotrophomonas sp. 364,
Rosa chinensis,
Tomitella fengzijianii,
Nisaea acidiphila,
Paraburkholderia xenovorans,
Streptomyces sp. CB09001,Mesophilic
Arthrobacter woluwensis,
Gordonia phthalatica,
Nocardia yamanashiensis,
Cytobacillus firmus,
Bradyrhizobium sp. WD16,
Pseudoduganella umbonata,
Azotobacter salinestris,
Tomitella gaofuii,
Empedobacter brevis,
Ponticoccus alexandrii,
Guyparkeria halophila,
Amphibacillus xylanus,
Bradyrhizobium guangxiense,
Noviherbaspirillum sp. UKPF54,
Mycolicibacterium insubricum,
Caulobacter sp. FWC26,
Desulfuromonas versatilis,
Thioflavicoccus mobilis,
Halomonas sp. JS92-SW72,
Streptomyces sp. S1D4-11,Mesophilic
Microbacterium sp. 1S1,
Altererythrobacter sp. B11,
Streptomyces olivaceus,Mesophilic
Mycobacterium sp. MS1601,
Rhizobium rosettiformans,
Halomonas sp. SS10-MC5,
Bacillus sp. Lzh-5,
Caulobacter sp. S6,
Sphingopyxis granuli,
Flavobacterium ammonificans,
Acidithiobacillus ferrooxidans,
Bosea sp. Tri-49,
Methylosinus sp. C49,
Sphingobium sp. TKS,
Coffea arabica,
Microbacterium fandaimingii,
Mycolicibacterium phocaicum,
Ornithobacterium rhinotracheale,
Botrimarina mediterranea,
Bradyrhizobium sp. SK17,
Rhizobium lentis,
Azospirillum lipoferum,
Paraburkholderia phytofirmans,
Denitratisoma sp. DHT3,
Pseudomonas sp. ABC1,Mesophilic
Occallatibacter riparius,
Streptomyces sp. DSM 40750,Mesophilic
Streptomyces xiamenensis,Mesophilic
Glutamicibacter nicotianae,
Runella rosea,
Vigna radiata,
Streptomyces xanthophaeus,Mesophilic
Agreia sp. COWG,
Mycobacterium sp. DL592,
Mycolicibacterium monacense,
Paraburkholderia acidisoli,
Paraburkholderia sp. SOS3,
Medicago truncatula,
Granulicella sp. WH15,
Streptomyces sp. PAMC 26508,Mesophilic
Corynebacterium cyclohexanicum,
Mesorhizobium sp. 113-3-3,
Phyllobacterium sp. A18/5-2,
Massilia violaceinigra,
Laribacter hongkongensis,
Streptomyces finlayi,Mesophilic
Streptomyces sp. WY228,Mesophilic
Salinibacterium sp. ZJ450,
Brassica rapa,
Curtobacterium sp. 24E2,
Phyllobacterium sp. T1018,
Agrobacterium rhizogenes,
Rhizobium sp. X9,
Achromobacter sp. ES-001,
Pandoraea pnomenusa,
Myxococcus hansupus,
Pseudomonas sp. SCB32,Mesophilic
Gordonia pseudamarae,
Gordonia terrae,
Chryseobacterium taklimakanense,
Stieleria maiorica,
Blastochloris viridis,
Aquabacter sp. L1I39,
Halomonas sp. HG01,
Dyella telluris,
Nocardia iowensis,
Acidipropionibacterium jensenii,
Candidatus Endoriftia persephone,
Pseudomonas sp. gcc21,Mesophilic
Roseimaritima ulvae,
Methyloceanibacter sp. wino2,
Sphingobium sp. CFD-2,
Paraburkholderia caribensis,
Paludibacterium sp. B53371,
Pseudomonas synxantha,Mesophilic
Streptomyces sp. SGAir0924,Mesophilic
Nocardia tengchongensis,
Paludisphaera borealis,
Caulobacter rhizosphaerae,
Rhizobium tropici,
Thiobacillus denitrificans,
Streptomyces sp. ADI95-16,Mesophilic
Skermanella rosea,
Opitutus terrae,
Streptomyces sp. WA6-1-16,Mesophilic
Mycolicibacterium gilvum,
Actinoalloteichus hoggarensis,
Methylibium sp. Pch-M,
Usitatibacter palustris,
Akkermansia muciniphila,
Devosia sp. 1566,
Phyllobacterium sp. T1293,
Yangia pacifica,
Sulfuritalea hydrogenivorans,
Brassica oleracea,
Streptomyces tubercidicus,Mesophilic
Sodaliphilus pleomorphus,
Desulfosarcina widdelii,
Gloeobacter kilaueensis,
Methylobacterium radiodurans,
Bradyrhizobium symbiodeficiens,
Altererythrobacter sp. BO-6,
Thauera aromatica,
Streptomyces sp. Je 1-369,Mesophilic
Mycobacterium branderi,
Brevibacillus sp. WF146,
Paenibacillus yonginensis,
Pseudopedobacter saltans,
Halomonas sp. THAF5a,
Marinobacter nauticus,
Gordonia sp. 1D,
Rhizobium binae,
Hydrogenophaga sp. PBL-H3,
Ectothiorhodospira haloalkaliphila,
Verrucomicrobium sp. GAS474,
Manihot esculenta,
Setaria italica,
Deinococcus actinosclerus,
Bosea sp. ANAM02,
Ensifer sp. PDNC004,
Rhizobium sp. BG4,
Azospirillum sp. TSA2s,
Pseudomonas sp. KNUC1026,Mesophilic
Mycobacterium parmense,
Phenylobacterium parvum,
Methylobacterium durans,
Bradyrhizobium genosp. B,
Rhodobacter capsulatus,
Microbulbifer sp. SH-1,
Xanthomonas vasicola,
Brevibacillus sp. MMS20-4M-10-Y,
Clostridium sporogenes,Mesophilic
Melaminivora jejuensis,
Pseudomonas sp. ADPe,Mesophilic
Bradyrhizobium sp. 4,
Tardibacter chloracetimidivorans,
Hydrogenophaga sp. BPS33,
Erigeron canadensis,
Theobroma cacao,
Gordonia sp. SL306,
Mycolicibacterium psychrotolerans,
Paenibacillus beijingensis,
Hoeflea sp. IMCC20628,
Haematobacter massiliensis,
Sphingobium sp. SYK-6,
Comamonas sp. 7D-2,
Tahibacter sp. W38,
Streptomyces hawaiiensis,Mesophilic
Rhodococcus fascians,
Paracoccus sp. SCSIO 75817,
Azospirillum ramasamyi,
Paraburkholderia phenoliruptrix,
Aromatoleum aromaticum,
Streptomyces sp. OUCMDZ-3434,Mesophilic
Deinococcus geothermalis,
Sphingomonas sp. BT-65,
Psilocybe cubensis,
Jatrophihabitans telluris,
Luteipulveratus mongoliensis,
Mycolicibacterium madagascariense,
Mycolicibacterium parafortuitum,
Phaeobacter inhibens,
Sphingomonas bisphenolicum,
Brevibacterium oceani,
Saccharomonospora xinjiangensis,
Paenibacillus sp. R14(2021),
Thermus thermophilus,Thermophilic
Rhodospirillum rubrum,
Sphingomonas profundi,
Comamonas testosteroni,
Pseudoduganella flava,
Actinomyces sp. oral taxon 169,
Streptomyces roseochromogenus,Mesophilic
Streptomyces sp. RPA4-5,Mesophilic
Mycolicibacterium aichiense,
Actinoalloteichus hymeniacidonis,
Martelella endophytica,
Flagellatimonas centrodinii,
Methyloligella sp. GL2,
Rhizobium sp. AB2/73,
Chromobacterium haemolyticum,
Jeongeupia sp. USM3,
Pseudomonas cannabina,Mesophilic
Glycine soja,
Aquiflexum balticum,
Cellulophaga sp. L1A9,
Comamonas sp. NLF-7-7,
Leucobacter sp. Psy1,
Microbacterium sp. cx-55,
Mycolicibacterium baixiangningiae,
Flavobacterium sp. F-29,
Caldilinea aerophila,
Maioricimonas rarisocia,
Azospira sp. I09,
Methylobacterium radiotolerans,
Shinella oryzae,
Erythrobacter sp. HL-111,
Burkholderia plantarii,
Variovorax boronicumulans,
Pseudomonas cavernae,Mesophilic
Beta vulgaris,
Vitis riparia,
Corynebacterium efficiens,
Gordonia jinghuaiqii,
Saccharopolyspora sp. ASAGF58,
Paenibacillus sp. DR312,
Polaribacter sejongensis,
Frigidibacter mobilis,
Paracoccus aminovorans,
Sulfitobacter alexandrii,
Pulveribacter suum,
Allochromatium tepidum,
Gulosibacter molinativorax,
Gordonia amarae,
Mycolicibacterium farcinogenes,
Rhodococcus sp. MTM3W5.2,
Allosaccharopolyspora coralli,
Anoxybacillus sediminis,
Comamonas sp. Y33R10-2,
Variovorax sp. PBS-H4,
Vogesella sp. LIG4,
Cellulosimicrobium sp. TH-20,
Propionibacterium australiense,
Ralstonia insidiosa,
Streptomyces libani,Mesophilic
Myroides phaeus,
Bradyrhizobium guangdongense,
Bradyrhizobium ottawaense,
Citromicrobium sp. JL477,
Streptomyces galilaeus,Mesophilic
Corynebacterium yudongzhengii,
Cohnella herbarum,
Paenibacillus rhizovicinus,
Flavobacterium haoranii,
Roseovarius sp. SCSIO 43702,
Dechloromonas sp. A34,
Spiribacter salinus,
Microbacterium amylolyticum,
Nocardia sp. CS682,
Acidiphilium multivorum,
Pseudomonas fragi,Mesophilic
Pseudomonas sp. PS1(2021),Mesophilic
Austwickia chelonae,
Gordonia iterans,
Muricauda aquimarina,
Pyruvatibacter mobilis,
Rhizobium pseudoryzae,
Magnetospirillum sp. XM-1,
Sphingomonas psychrotolerans,
Pseudomonas sp. LPB0260,Mesophilic
Streptomyces dengpaensis,Mesophilic
Streptomyces sp. WAC 06738,Mesophilic
Ciceribacter thiooxidans,
Sphingomonas hankookensis,
Herbaspirillum robiniae,
Phaseolus vulgaris,
Paludibaculum fermentans,
Flaviflexus salsibiostraticola,
Brevibacterium sp. WHS-Z9,
Dietzia psychralcaliphila,
Rubrobacter radiotolerans,
Faecalibacter bovis,
Pararhizobium sp. YC-54,
Rhodovulum sp. P5,
Erythrobacter sp. HKB08,
Pseudomonas sp. GOM7,Mesophilic
Synechococcus sp. RSCCF101,
Lignipirellula cremea,
Neorhizobium sp. SOG26,
Providencia rettgeri,Mesophilic
Marinobacter sp. AN1,
Streptomyces sp. AgN23,Mesophilic
Microbacterium sp. TPU 3598,
Rhizobium sp. WYJ-E13,
Thioalkalivibrio versutus,
Marisediminicola antarctica,
Brucella suis,
Methylobacterium sp. XJLW,
Bradyrhizobium sp. ORS 285,
Salinisphaera sp. LB1,
Brevirhabdus pacifica,
Hydrogenophaga sp. RAC07,
Bifidobacterium pseudolongum,
Streptomyces sp. CC0208,Mesophilic
Mycolicibacter sp. MYC098,
Saccharibacillus brassicae,
Rhodoferax sediminis,
Tripterygium wilfordii,
Streptomyces sp. HU2014,Mesophilic
Mycolicibacterium mageritense,
Caulobacter mirabilis,
Komagataeibacter europaeus,
Herbaspirillum huttiense,
Dyadobacter sp. CY22,
Flavobacterium sp. xlx-214,
Candidatus Promineofilum breve,
Roseiflexus castenholzii,
Rhodomicrobium vannielii,
Bradyrhizobium sp. A19,
Novosphingobium sp. KA1,
Massilia sp. NP310,
Simiduia sp. 21SJ11W-1,
Microbulbifer celer,
Pseudomonas brassicacearum,Mesophilic
Sesamum indicum,
Streptomyces sp. LBUM 1480,Mesophilic
Nocardia otitidiscaviarum,
Paenibacillus lautus,
Chryseobacterium rhizoplanae,
Agrobacterium vaccinii,
Desulfolutivibrio sulfoxidireducens,
Brevibacillus agri,
Flavobacterium sp. N1994,
Chryseobacterium glaciei,
Deinococcus sp. NW-56,
Pseudomonas nanhaiensis,Mesophilic
Microbacterium sp. PAMC22086,
Plantibacter flavus,
Enterococcus faecium,
Microbulbifer hydrolyticus,
Enterobacter roggenkampii,Mesophilic
Acinetobacter pittii,
Marinobacter sp. CP1,
Ruficoccus sp. ZRK36,
Streptomyces sp. S4.7,Mesophilic
Leucobacter aridicollis,
Mycolicibacterium anyangense,
Nocardia arthritidis,
Nocardia mangyaensis,
Alicyclobacillus acidocaldarius,
Brevundimonas vesicularis,
Comamonas sp. NLF-1-9,
Paenibacillus sp. SYP-B4298,
Martelella mediterranea,
Paracoccus aestuarii,
Lacunisphaera limnophila,
Arthrobacter sp. FW306-05-C,
Tessaracoccus timonensis,
Amycolatopsis roodepoortensis,
Azospirillum sp. B510,
Trifolium pratense,
Halorubrum sp. CBA1229,
Microcella sp. MMS21-STM12,
Amycolatopsis sp. TNS106,
Lachnoclostridium phocaeense,
Variibacter gotjawalensis,
Sphingomonas taxi,
Halomonas elongata,
Actinomyces faecalis,
Jonesia denitrificans,
Rhodococcus koreensis,
Psychrobacillus sp. AK 1817,
Paenibacillus ihbetae,
Paenibacillus thiaminolyticus,
Ensifer sojae,
Rhizorhabdus phycosphaerae,
Sphingomonas sp. ZFBP2030,
Geobacter pickeringii,
Pseudomonas sp. LBUM920,Mesophilic
Microcella sp. MMS21-STM26,
Actinoalloteichus fjordicus,
Solitalea canadensis,
Rhodopseudomonas sp. P2A-2r,
Pseudomonas granadensis,Mesophilic
Streptomyces cinnabarinus,Mesophilic
Clavibacter sp. A6099,
Rhodococcus sp. USK10,
Bremerella sp. P1,
Pelobacter propionicus,
Edwardsiella tarda,Mesophilic
Halomonas sp. PGE1,
Rathayibacter tanaceti,
Segniliparus rotundus,
Bradyrhizobium sp. CCGE-LA001,
Aminobacter aminovorans,
Novosphingobium sp. ES2-1,
Herbaspirillum rubrisubalbicans,
Pseudarthrobacter phenanthrenivorans,
Blattabacterium cuenoti,
Flavobacterium azooxidireducens,
Gimesia chilikensis,
Rhizobium sp. Pop5,
Qipengyuania flava,
Cupriavidus pinatubonensis,
Chromobacterium sp. ATCC 53434,
Salinicola tamaricis,
Curtobacterium luteum,
Mycolicibacterium vaccae,
Tessaracoccus flavus,
Cohnella cholangitidis,
Chryseobacterium sp. 6424,
Afipia carboxidovorans,
Streptomyces sp. BSE6.1,Mesophilic
Rhodococcus coprophilus,
Pandoraea apista,
Sideroxyarcus emersonii,
Myxococcus stipitatus,
Marinobacter salarius,
Micromonas commoda,
Streptomyces scabiei,Mesophilic
Gordonia mangrovi,
Gordonia sp. KTR9,
Flavihumibacter fluminis (ex Park et al. 2022),
Nitrospira moscoviensis,
Methylocella tundrae,
Porphyrobacter sp. ULC335,
Sphingosinicella sp. BN140058,
Burkholderia vietnamiensis,
Acidovorax sp. 5MLIR,
Halomonas tianxiuensis,
Pseudomonas sp. TUM22785,Mesophilic
Colletotrichum higginsianum,
Punica granatum,
Halorussus sp. XZYJT49,
Candidatus Mycosynbacter amalyticus,
Rhizobium sp. WL3,
Paludibacterium paludis,
Pseudomonas sp. MM211,Mesophilic
Ricinus communis,
Actinomyces howellii,
Gloeobacter violaceus,
Pseudorhodoplanes sinuspersici,
Methylorubrum sp. B1-46,
Sphingomonas koreensis,
Streptomyces platensis,Mesophilic
Flavobacterium litorale,
Hydrogenophaga pseudoflava,
Pantoea agglomerans,Mesophilic
Mycobacterium diernhoferi,
Mycolicibacterium duvalii,
Gemmatimonas aurantiaca,
Stieleria neptunia,
Bradyrhizobium barranii,
Bradyrhizobium quebecense,
Pseudomonas plecoglossicida,Mesophilic
Streptomyces sp. WAC00303,Mesophilic
Arthrobacter sp. UKPF54-2,
Gordonia amicalis,
Herbinix luporum,
Salipiger abyssi,
Tsuneonella amylolytica,
Pauljensenia hongkongensis,
Rhizobium sp. SL42,
Herbaspirillum frisingense,
Helicobacter pylori,
Rhodamnia argentea,
Bacillus sp. CMF12,
Oceanobacillus kimchii,
Paenibacillus protaetiae,
Candidatus Nanosynbacter featherlites,
Caulifigura coniformis,
Brevundimonas sp. PAMC22021,
Shinella sp. H4-D48,
Stutzerimonas degradans,
Streptomyces sp. RPA4-2,Mesophilic
Lentibacillus sp. ZS110521,
Streptomyces globisporus,Mesophilic
Streptomyces sp. M2,Mesophilic
Gordonia alkanivorans,
Mycolicibacterium arabiense,
Clostridium neonatale,Mesophilic
Sphingomonas insulae,
Acidihalobacter yilgarnensis,
Pseudomonas khazarica,Mesophilic
Stenotrophomonas indicatrix,
Microbacterium hydrocarbonoxydans,
Bradyrhizobium sp. 6(2017),
Pararhizobium sp. BT-229,
Paracoccus sp. AK26,
Pandoraea pulmonicola,
Desulfarculus baarsii,
Teredinibacter haidensis,
Ectothiorhodospira sp. BSL-9,
Natronoglycomyces albus,
Streptomyces sp. S063,Mesophilic
Mycolicibacterium rhodesiae,
Nakamurella sp. PAMC28650,
Pelagerythrobacter marensis,
Arthrobacter sp. Helios,
Singulisphaera acidiphila,
Rosistilla oblonga,
Brevundimonas subvibrioides,
Defluviicoccus vanus,
Marinobacterium rhizophilum,
Paenarthrobacter sp. JL.01a,
Mycolicibacterium boenickei,
Anoxybacillus sp. PDR2,
Geobacillus subterraneus,Thermophilic
Hymenobacter sp. DG25A,
Sphingobacterium lactis,
Paracoccus suum,
Sphingomonas hengshuiensis,
Diaphorobacter ruginosibacter,
Streptomyces alboniger,Mesophilic
Streptomyces yatensis,Mesophilic
Rathayibacter iranicus,
Mycobacterium dioxanotrophicus,
Azospirillum oryzae,
Novosphingobium sp. 9,
Paucibacter sp. KCTC 42545,
Acidovorax sp. NCPPB 2350,
Desulfuromonas sp. DDH964,
Pseudomonas sp. ATCC 13867,Mesophilic
Frateuria aurantia,
Mycobacterium sp. SMC-2,
Rhodococcus qingshengii,
Rhodococcus sp. WMMA185,
Paenibacillus agaridevorans,
Paenibacillus sp. JZ16,
Agrobacterium fabrum,
Leisingera aquaemixtae,
Gluconacetobacter diazotrophicus,
Massilia sp. LPB0304,
Methylobacillus flagellatus,
Pluralibacter gergoviae,Mesophilic
Halomonas sulfidivorans,
Ziziphus jujuba,
Halomicrobium salinisoli,
Corynebacterium jeikeium,
Sphingobium chlorophenolicum,
Terriglobus roseus,
Actinomyces sp. MAS-1,
Streptomyces mirabilis,Mesophilic
Curtobacterium sp. TC1,
Arthrobacter antioxidans,
Mycobacterium koreense,
Nocardioides baekrokdamisoli,
Bacillus aquiflavi,
Niveispirillum cyanobacteriorum,
Acidovorax sp. KKS102,
Marinobacter sp. M3C,
Pseudomonas sp. CC6-YY-74,Mesophilic
Corynebacterium doosanense,
Diaphorobacter sp. JS3051,
Methylogaea oryzae,
Pseudomonas sp. MM227,Mesophilic
Actinomyces respiraculi,
Streptomyces sp. BJ20,Mesophilic
Citricoccus sp. NR2,
Mycobacterium mantenii,
Clostridium beijerinckii,Mesophilic
Actinomyces slackii,
Cryobacterium arcticum,
Bradyrhizobium sp. ORS 278,
Sphingobium amiense,
Pigmentiphaga aceris,
Pseudogulbenkiania sp. NH8B,
Simiduia agarivorans,
Halomonas socia,
Streptomyces sp. M54,Mesophilic
Mycobacterium seoulense,
Lysinibacillus sp. PLM2,
Methylocystis bryophila,
Rhizobium gallicum,
Rhizobium sullae,
Allochromatium vinosum,
Ketobacter alkanivorans,
Pseudomonas kermanshahensis,Mesophilic
Pseudomonas sp. SWI44,Mesophilic
Arachis duranensis,
Methanobrevibacter ruminantium,
Kocuria indica,
Paenibacillus barcinonensis,
Paenibacillus sp. H1-7,
Desulfocurvibacter africanus,
Pseudomonas rhodesiae,Mesophilic
Gordonia sp. YC-JH1,
Mycolicibacterium sp. YH-1,
Brevibacillus laterosporus,
Paenibacillus azoreducens,
Bradyrhizobium genosp. L,
Paraburkholderia megapolitana,
Chromobacterium violaceum,
Stenotrophomonas sp. YAU14A_MKIMI4_1,
Arthrobacter sp. NicSoilC5,
Anoxybacillus flavithermus,Thermophilic
Rhizobium sp. SSM4.3,
Paracoccus zhejiangensis,
Qipengyuania sp. PHS-Z21,
Ottowia testudinis,
Streptomyces sp. CFMR 7,Mesophilic
Arthrobacter sp. ATA002,
Rhodococcus jostii,
Methylocystis parvus,
Paracoccus liaowanqingii,
Paracoccus sp. SCSIO 75233,
Geoalkalibacter subterraneus,
Halomonas sp. 18071143,
Streptomyces sp. FR-008,Mesophilic
Pseudarthrobacter sp. BIM B-2242,
Fibrella sp. ES10-3-2-2,
Nitrobacter winogradskyi,
Pseudosulfitobacter pseudonitzschiae,
Arthrobacter jiangjiafuii,
Mycolicibacterium brumae,
Hyphomicrobium sp. MC1,
Methylibium petroleiphilum,
Shewanella algae,
Marinobacter sp. NP-4(2019),
Malus sylvestris,
Streptomyces sp. CLI2509,Mesophilic
Cryobacterium soli,
Rhodococcus sp. ZPP,
Rhizobium jaguaris,
Novosphingobium sp. Gsoil 351,
Parasphingopyxis algicola,
Methylomonas koyamae,
Chromohalobacter salexigens,
Dyella terrae,
Mycolicibacterium gadium,
Filifactor alocis,
Sphingomonas piscis,
Paraburkholderia edwinii,
Streptomyces lydicamycinicus,Mesophilic
Brevundimonas sp. AJA228-03,
Agrobacterium larrymoorei,
Rhizobium sp. Kim5,
Mycobacterium crocinum,
Hymenobacter radiodurans,
Pontibacter korlensis,
Burkholderia thailandensis,
Acidovorax sp. NCPPB 3576,
Collimonas fungivorans,
Morganella morganii,Mesophilic
Actinomyces wuliandei,
Leucobacter insecticola,
Salinibacterium hongtaonis,
Mycobacterium sp. YC-RL4,
Paenibacillus chitinolyticus,
Paenibacillus donghaensis,
Fulvivirga sp. SS9-22,
Deinococcus aetherius,
Actibacterium sp. EMB200-NS6,
Sphingomonas sp. FARSPH,
Alloalcanivorax dieselolei,
Venatorbacter cucullus,
Azotobacter vinelandii,
Pseudomonas donghuensis,Mesophilic
Ereboglobus luteus,
Streptomyces decoyicus,Mesophilic
Acidipropionibacterium virtanenii,
Brevundimonas sp. NIBR10,
Salaquimonas pukyongi,
Paracoccus sp. SCSIO 76264,
Silicimonas algicola,
Acidovorax citrulli,
Halioglobus maricola,
Halomonas sp. DN3,
Streptomyces sp. RLB1-33,Mesophilic
Mycobacterium frederiksbergense,
Paenibacillus cellulositrophicus,
Bradyrhizobium sp. CCBAU 051011,
Peteryoungia desertarenae,
Sphingomonas nostoxanthinifaciens,
Comamonas koreensis,
Massilia sp. NR 4-1,
Massilia sp. PAMC28688,
Potentilla anserina,
Streptomyces vinaceusdrappus,Mesophilic
Rhodococcus sp. RDE2,
Niallia sp. RD1,
Brevibacillus sp. BB3-R1,
Anatilimnocola aggregata,
Porphyrobacter sp. CACIAM 03H1,
Polymorphobacter megasporae,
Thiomonas sp. X19,
Woeseia oceani,
Halomonas sp. YLGW01,
Mycolicibacterium mengxianglii,
Capnocytophaga canimorsus,
Agrobacterium salinitolerans,
Rhodoferax sp. BAB1,
Variovorax sp. SRS16,
Oryzomicrobium terrae,
Aeromonas dhakensis,
Pseudomonas tohonis,Mesophilic
Bifidobacterium choerinum,
Pseudarthrobacter sp. MM222,
Mycobacterium doricum,
Acetivibrio thermocellus,
Hymenobacter busanensis,
Gemmata massiliana,
Enterobacter asburiae,Mesophilic
Pseudomonas sp. PIA16,Mesophilic
Streptomyces sp. NBU3104,Mesophilic
Cryobacterium sp. SO1,
Paenibacillus sp. PAMC21692,
Flavobacterium crocinum,
Sphingobacterium sp. KACC 22765,
Rhizobium sp. 11515TR,
Cereibacter azotoformans,
Burkholderia anthina,
Pseudomonas sediminis,Mesophilic
Gelria sp. Kuro-4,
Rhodocytophaga rosea,
Hymenobacter sp. 5420S-77,
Flavobacterium indicum,
Sphingobacterium daejeonense,
Asticcacaulis excentricus,
Brevundimonas sp. DS20,
Gemmobacter fulva,
Acidovorax carolinensis,
Sulfuricaulis limicola,
Acetivibrio saccincola,
Flavobacterium sp. KBS0721,
Blastopirellula sp. J2-11,
Achromobacter sp. B7,
Roseateles sp. SL47,
Acidothermus cellulolyticus,Thermophilic
Streptomyces sp. G11C(2021),Mesophilic
Corynebacterium frankenforstense,
Corynebacterium urealyticum,
Mycolicibacterium confluentis,
Clostridium baratii,Mesophilic
Sphingomonas sp. 7/4-4,
Delftia lacustris,
Massilia sp. DM-R-R2A-13,
Solidesulfovibrio carbinoliphilus,
Halomonas beimenensis,
Pseudomonas chengduensis,Mesophilic
Bifidobacterium subtile,
Gordonia sp. PP30,
Mycobacterium kubicae,
Mycobacterium virginiense,
Mucisphaera calidilacus,
Bradyrhizobium paxllaeri,
Sphingopyxis lindanitolerans,
Paraburkholderia terricola,
Pseudoduganella plicata,
Salmonella sp. SJTUF14523,Mesophilic
Pseudohongiella spirulinae,
Aliamphritea hakodatensis,
Actinomyces sp. Z16,
Micrococcus sp. KD337-16,
Rhodococcus triatomae,
Flavobacterium oreochromis,
Deinococcus ficus,
Methylocella silvestris,
Croceicoccus naphthovorans,
Comamonas serinivorans,
Halomonas subglaciescola,
Halopseudomonas sabulinigri,
Halopseudomonas salegens,
Halopseudomonas xinjiangensis,
Pseudomonas orientalis,Mesophilic
Prunus dulcis,
Mycolicibacterium mucogenicum,
Parafannyhessea umbonata,
Bradyrhizobium sp. 1(2017),
Sphingomonas morindae,
Streptomyces coelicolor,Mesophilic
Streptomyces sp. A1-5,Mesophilic
Streptomyces sp. V17-9,Mesophilic
Subtercola sp. AK-R2A1-2,
Mycolicibacterium fluoranthenivorans,
Peribacillus asahii,
Paenibacillus stellifer,
Erythrobacter sp. SDW2,
Sphingobium sp. MI1205,
Variovorax sp. RKNM96,
Chitinolyticbacter meiyuanensis,
Aeromonas encheleia,
Methylomagnum ishizawai,
Chryseobacterium manosquense,
Hankyongella ginsenosidimutans,
Acidovorax temperans,
Hydrogenophaga taeniospiralis,
Kinneretia sp. XES5,
Dechloromonas denitrificans,
Halomonas titanicae,
Pseudomonas sp. 15A4,Mesophilic
Streptomyces sp. WAC 01529,Mesophilic
Amycolatopsis sp. EV170708-02-1,
Clostridium saccharobutylicum,Mesophilic
Rhizobium sp. ACO-34A,
Burkholderia sp. LA-2-3-30-S1-D2,
Methyloversatilis sp. RAC08,
Halomonas sp. A3H3,
Halomonas sp. LR3S48,
Pseudomonas fuscovaginae,Mesophilic
Aminithiophilus ramosus,
Arthrobacter sp. FB24,
Rothia nasimurium,
Corynebacterium halotolerans,
Planococcus maritimus,
Flavobacterium anhuiense,
Tardiphaga sp. 37S4,
Pelagovum pacificum,
Sphingomonas rhizophila,
Geomonas sp. RF6,
Granulicella sp. 5B5,
Streptomyces sp. EAS-AB2608,Mesophilic
Corynebacterium bovis,
Corynebacterium freneyi,
Oceanobacillus zhaokaii,
Paenibacillus durus,
Methylocystis rosea,
Rhizorhabdus dicambivorans,
Ralstonia pickettii,
Spongiibacter taiwanensis,
Streptomyces nigrescens,Mesophilic
Leucobacter denitrificans,
Arthrobacter sp. 24S4-2,
Rhizobium sp. C104,
Sphingomonas sp. SUN019,
Cupriavidus neocaledonicus,
Pandoraea commovens,
Pseudomonas cremoricolorata,Mesophilic
Pseudomonas sp. LPH1,Mesophilic
Jatrophihabitans sp. GAS493,
Streptomyces sp. R527F,Mesophilic
Mycolicibacter sp. MYC340,
Bacillus paralicheniformis,
Paracoccus contaminans,
Altererythrobacter sp. TH136,
Polymorphobacter sp. PAMC 29334,
Chitinimonas arctica,
Massilia sp. erpn,
Halomonas sulfidoxydans,
Pistricoccus aurantiacus,
Pseudomonas agarici,Mesophilic
Pseudomonas sp. St386,Mesophilic
Vitis vinifera,
Mycolicibacterium helvum,
Mycolicibacterium tokaiense,
Paenibacillus sp. sptzw28,
Desulforamulus ferrireducens,
Gemmatimonas groenlandica,
Granulibacter bethesdensis,
Pseudoduganella lutea,
Aeromonas salmonicida,
Corynebacterium massiliense,
Flavobacterium psychrophilum,
Myroides albus,
Brevundimonas sp. NIBR11,
Methylovirgula ligni,
Komagataeibacter rhaeticus,
Cupriavidus sp. USMAHM13,
Alteromonas mediterranea,
Actinomyces trachealis,
Streptomyces sp. HNM0140,Mesophilic
Leucobacter sp. H21R-40,
Mycobacterium sp. EPa45,
Sphingobacterium sp. G1-14,
Methyloceanibacter caenitepidi,
Sphingomicrobium aestuariivivum,
Microbulbifer thermotolerans,
Actinomyces viscosus,
Streptomyces filamentosus,Mesophilic
Streptomyces sp. S8,Mesophilic
Mycobacterium lentiflavum,
Clostridium sp. LQ25,Mesophilic
Moorella thermoacetica,
Calycomorphotria hydatis,
Brevundimonas sp. MF30-B,
Methylobacterium sp. C1,
Nitrogeniibacter aestuarii,
Pseudomonas sp. LS1212,Mesophilic
Streptomyces sp. HNA39,Mesophilic
Microbacterium sp. PAMC21962,
Arthrobacter sp. zg-Y453,
Mycobacterium riyadhense,
Collinsella aerofaciens,
Aquisalinus flavus,
Yoonia vestfoldensis,
Sphingomonas sp. LK11,
Sandaracinobacteroides saxicola,Mesophilic
Paraburkholderia fungorum,
Actinopolyspora erythraea,
Streptomyces pluripotens,Mesophilic
Arthrobacter sp. zg-Y809,
Planococcus sp. 107-1,
Flavobacterium sp. IMCC36793,
Lacipirellula parvula,
Erythrobacter litoralis,
Caballeronia insecticola,
Hydrocarboniclastica marina,
Pseudomonas sp. MRSN 12121,Mesophilic
Vibrio parahaemolyticus,
Halosegnis sp. ZY10,
Streptomyces sp. 3211,Mesophilic
Microbacterium binotii,
Paenibacillus sp. BIHB4019,
Robiginitalea biformata,
Xanthobacter autotrophicus,
Ruegeria pomeroyi,
Paraburkholderia bryophila,
Janthinobacterium lividum,
Crenobacter cavernae,
Pantoea vagans,Mesophilic
Mycobacterium florentinum,
Epilithonimonas vandammei,
Sphingobacterium sp. dk4302,
Paraburkholderia caffeinilytica,
Diaphorobacter aerolatus,
Massilia sp. H6,
Jeongeupia sp. HS-3,
Halothiobacillus sp. LS2,
Dickeya sp. NCPPB 3274,Mesophilic
Pseudomonas amygdali,Mesophilic
Pseudomonas argentinensis,Mesophilic
Actinomyces procaprae,
Microbacterium sp. MPKO10,
Chitinophaga oryzae,
Pontibacter sp. XAAS-72,
Bradyrhizobium oligotrophicum,
Simplicispira suum,
Streptomyces sp. NA03103,Mesophilic
Brevibacterium sp. BDJS002,
Mycobacterium sp. DL440,
Mycolicibacter hiberniae,
Cellulosilyticum lentocellum,
Symmachiella dynata,
Bradyrhizobium vignae,
Microbulbifer sp. THAF38,
Halomonas sp. SF2003,
Pseudomonas sp. B11D7D,Mesophilic
Streptomyces sp. ID38640,Mesophilic
Microbacterium sp. Se5.02b,
Oceanobacillus oncorhynchi,
Petrimonas mucosa,
Sphingomonas suaedae,
Herminiimonas arsenitoxidans,
Massilia sp. Dwa41.01b,
Desulfosarcina alkanivorans,
Spiribacter curvatus,
Dickeya chrysanthemi,Mesophilic
Mycetocola spongiae,
Mycobacterium heraklionense,
Mycolicibacter sp. MYC123,
Gracilibacillus salitolerans,
Roseovarius sp. THAF8,
Casimicrobium huifangae,
Caballeronia sp. TF1N1,
Variovorax sp. PAMC 28711,
Halomonas sp. HL-93,
Halomonas sp. THAF12,
Vibrio cholerae,
Actinomyces qiguomingii,
Arthrobacter sp. PAMC25284,
Glutamicibacter sp. MNS18,
Flavonifractor plautii,
Tenacibaculum jejuense,
Gemmata sp. SH-PL17,
Terrihabitans soli,
Neotabrizicola shimadae,
Pontivivens ytuae,
Sphingopyxis sp. EG6,
Caballeronia sp. Lep1P3,
Caballeronia sp. SL2Y3,
Dermabacter jinjuensis,
Bacillus licheniformis,
Geobacillus kaustophilus,Thermophilic
Lysinibacillus sp. JK80,
Virgibacillus halodenitrificans,
Sphingobacterium mizutaii,
Sphingomonas sp. NIBR 02145,
Spongiibacter sp. IMCC21906,
Bibersteinia trehalosi,
Pseudomonas sp. MSPm1,Mesophilic
Dyella sp. M7H15-1,
Acidobacterium capsulatum,
Actinomyces weissii,
Arthrobacter sp. PM3,
Mycolicibacterium sp. TY81,
Bacillus amyloliquefaciens,
Paenibacillus cellulosilyticus,
Arachidicoccus ginsenosidivorans,
Dyadobacter fermentans,
Thermus aquaticus,Thermophilic
Lacipirellula limnantheis,
Sphingobium xenophagum,
Sphingomonas sp. So64.6b,
Aquitalea aquatilis,
Methylococcus sp. EFPC2,
Corynebacterium occultum,
Rhizobium rhizoryzae,
Labrenzia sp. VG12,
Sphingobium sp. RSMS,
Sphingomonas paucimobilis,
Serpentinimonas raichei,
Pseudomonas sihuiensis,Mesophilic
Mycetocola zhujimingii,
Rubrobacter tropicus,
Cyanobium sp. NS01,
Gemmatimonas phototrophica,
Brevundimonas goettingensis,
Pacificitalea manganoxidans,
Sphingomonas sp. HMP9,
Sphingopyxis sp. OPL5,
Paraburkholderia sprentiae,
Proteus terrae,Mesophilic
Candidatus Methylospira mobilis,
Pseudomonas viridiflava,Mesophilic
Rathayibacter rathayi,
Lichenicola cladoniae,
Syntrophobacter fumaroxidans,
Methylococcus sp. 16-5,
Marinobacter sp. LPB0319,
Drechmeria coniospora,
Brevundimonas vitisensis,
Pukyongiella litopenaei,
Pseudomonas campi,Mesophilic
Citrus sinensis,
Halovivax limisalsi,
Streptomyces sp. 11-1-2,Mesophilic
Glutamicibacter creatinolyticus,
Paenibacillus sp. N3/727,
Spirosoma rigui,
Bradyrhizobium septentrionale,
Rhizobium bangladeshense,
Roseicitreum antarcticum,
Sphingomonas lutea,
Diaphorobacter sp. HDW4A,
Pseudomonas alcaliphila,Mesophilic
Pseudomonas sp. CCOS 191,Mesophilic
Pseudomonas sp. L5B5,Mesophilic
Pseudomonas sp. MPC6,Mesophilic
Halosimplex rubrum,
Sulfidibacter corallicola,
Nocardia seriolae,
Reichenbachiella sp. Wsw4-B4,
Flavobacterium endoglycinae,
Paracoccus jeotgali,
Ketogulonicigenium vulgare,
Leisingera caerulea,
Paraburkholderia acidiphila,
Chitiniphilus sp. CD1,
Kocuria sp. TGY1127_2,
Mycobacterium paragordonae,
Mycobacteroides chelonae,Mesophilic
Meiothermus taiwanensis,Thermophilic
Paracoccus methylovorus,
Roseivivax sp. THAF30,
Salipiger sp. CCB-MM3,
Burkholderia oklahomensis,
Caballeronia zhejiangensis,
Halomonas sp. MCCC 1A13316,
Stenotrophomonas sp. SAU14A_NAIMI4_8,
Purpureocillium takamizusanense,
Mycobacteroides immunogenum,Mesophilic
Alkalihalobacillus krulwichiae,
Clostridium septicum,Mesophilic
Echinicola rosea,
Capnocytophaga gingivalis,
Deinococcus maricopensis,
Methylobacterium phyllosphaerae,
Sphingomonas sp. AP4-R1,
Comamonas fluminis,
Collimonas arenae,
Trichlorobacter lovleyi,
Sodalis ligni,Mesophilic
Halomonas chromatireducens,
Pseudomonas sp. Pc102,Mesophilic
Natrinema sp. YPL30,
Nanchangia anserum,
Trueperella pecoris,
Echinicola vietnamensis,
Chryseobacterium gleum,
Synechococcus sp. CBW1004,
Acidithiobacillus caldus,
Bradyrhizobium amphicarpaeae,
Rhodovulum sp. MB263,
Qipengyuania sediminis,
Sphingomonas aerolata,
Paenalcaligenes faecalis,
Kushneria phosphatilytica,
Cucurbita pepo,
Mycobacterium malmoense,
Mycobacterium sp. SMC-4,
Cyclonatronum proteinivorum,
Croceicoccus sp. YJ47,
Pandoraea thiooxydans,
Paraburkholderia dokdonella,
Comamonas sp. B21-038,
Denitratisoma oestradiolicum,
Edaphobacter lichenicola,
Microbacterium sp. 1.5R,
Arthrobacter sp. FW306-06-A,
Mycobacterium heckeshornense,
Rhodococcus erythropolis,
Oceanobacillus jeddahense,
Alistipes onderdonkii,
Muricauda ruestringensis,
Methylovirgula sp. HY1,
Paraburkholderia atlantica,
Quatrionicoccus australiensis,
Pseudomonas rhizosphaerae,Mesophilic
Stenotrophomonas sp. SI-NJAU-1,
Bdellovibrio bacteriovorus,
Microbacterium sp. J1-1,
Gordonia bronchialis,
Chitinophaga caeni,
Flavobacterium sp. N1719,
Martelella lutilitoris,
Rhodopseudomonas sp. SK50-23,
Herbaspirillum sp. meg3,
Enterobacter cloacae,Mesophilic
Thalassolituus sp. C2-1,
Halopseudomonas sp. RR6,
Marasmius oreades,
Cucumis sativus,
Parageobacillus caldoxylosilyticus,Thermophilic
Paenibacillus sp. PHS-Z3,
Sulfitobacter faviae,
Halapricum desulfuricans,
Corynebacterium diphtheriae,
Cyclobacterium marinum,
Flavobacterium sp. KK2020170,
Roseiflexus sp. RS-1,
Acholeplasma hippikon,
Polaromonas naphthalenivorans,
Geomonas oryzisoli,
Ferrimonas balearica,
Halomonas sp. 1513,
Colletotrichum lupini,
Arthrobacter sp. zg-Y462,
Mycobacterium marseillense,
Alkalihalobacillus clausii,
Heyndrickxia oleronia,
Heliomicrobium modesticaldum,
Roseimaritima multifibrata,
Sphingomonas sp. IC081,
Pandoraea faecigallinarum,
Serpentinimonas maccroryi,
Desulfovibrio sulfodismutans,
Candidatus Reidiella endopervernicosa,
Pseudomonas sp. M1,Mesophilic
Stenotrophomonas sp. DFS-20110405,
Leucobacter viscericola,
Microbacterium sp. KSW4-10,
Faecalibacterium prausnitzii,
Selenomonas sputigena,
Sphingobacterium sp. CZ-2,
Tardiphaga robiniae,
Rhizobium sp. N324,
Dinoroseobacter shibae,
Qipengyuania sp. SS22,
Hydrogenophaga sp. PAMC20947,
Halioglobus japonicus,
Thiolapillus brandeum,
Thermomicrobium roseum,
Arthrobacter koreensis,
Mycolicibacter terrae,
Bacillus halotolerans,
Parabacteroides distasonis,Mesophilic
Brevundimonas sp. M20,
Rhizobium sp. IE4771,
Chromobacterium paludis,
Aeromonas media,
Nitrincola iocasae,
Marinobacter sp. Arc7-DN-1,
Pseudomonas sp. Y5-11,Mesophilic
Vibrio coralliilyticus,
Natribaculum sp. AD-4,
Microbacterium sp. RG1,
Arthrobacter sp. U41,
Nesterenkonia pannonica,
Mycobacterium shinjukuense,
Flavobacterium sp. IMCC34775,
Deinococcus gobiensis,
Rubripirellula lacrimiformis,
Crateriforma conspicua,
Paracoccus tegillarcae,
Sphingobium fuliginis,
Burkholderia sp. JP2-270,
Streptomyces californicus,Mesophilic
Streptomyces sp. VB1,Mesophilic
Lysinibacillus timonensis,
Rhizobium sp. K102,
Phaeobacter gallaeciensis,
Sphingomonas sp. S1-29,
Bordetella genomosp. 6,
Hylemonella gracilis,
Roseateles depolymerans,
Cellvibrio sp. KY-YJ-3,
Pseudomonas pohangensis,Mesophilic
Leishmania major,
Methanobrevibacter sp. YE315,
Streptomyces sp. 769,Mesophilic
Brevibacterium limosum,
Geobacillus genomosp. 3,Thermophilic
Paenibacillus sp. CAA11,
Staphylococcus agnetis,
Enterococcus gilvus,
Algoriphagus sanaruensis,
Nitrospira japonica,
Methylocystis sp. MJC1,
Gymnodinialimonas ceratoperidinii,
Tritonibacter mobilis,
Acidibrevibacterium fodinaquatile,
Gluconobacter oxydans,
Herbaspirillum hiltneri,
Marinobacterium georgiense,
Pseudomonas marincola,Mesophilic
Bifidobacterium longum,
Streptomyces sp. Mg1,Mesophilic
Mycobacterium conspicuum,
Lysinibacillus sp. SGAir0095,
Paenibacillus albus,
Dysosmobacter welbionis,
Hymenobacter monticola,
Acetobacter aceti,
Pandoraea sputorum,
Rhodoferax antarcticus,
Chromobacterium sp. IIBBL 290-4,
Bradymonas sediminis,
Corynebacterium casei,
Mycobacterium paraseoulense,
Peribacillus frigoritolerans,
Pontibacter russatus,
Croceicoccus sp. Ery15,
Janthinobacterium sp. 17J80-10,
Nitrosomonas eutropha,
Haemophilus parainfluenzae,
Pseudomonas wenzhouensis,Mesophilic
Rathayibacter sp. VKM Ac-2803,
Arthrobacter sp. YN,
Mycobacterium colombiense,
Actinoalloteichus sp. GBA129-24,
Priestia aryabhattai,
Exiguobacterium alkaliphilum,
Staphylococcus aureus,
Winogradskyella forsetii,
Croceimicrobium hydrocarbonivorans,
Chlorobaculum tepidum,
Sphingomonas sp. NIC1,
Sphingomonas sp. PAMC26645,
Sphingomonas sp. QA11,
Variovorax sp. PDNC026,
Geobacter metallireducens,
Gibbsiella quercinecans,Mesophilic
Acinetobacter indicus,
Pseudomonas sp. p1(2021b),Mesophilic
Xanthomonas axonopodis,
Actinomyces gaoshouyii,
Chryseoglobus sp. 28M-23,
Corynebacterium jeddahense,
Arachnia rubra,
Niallia circulans,
Brevibacillus choshinensis,
Enterocloster asparagiformis,
Aquirufa nivalisilvae,
Spirosoma endbachense,
Runella slithyformis,
Flavobacterium sp. IMCC34774,
Muricauda oceani,
Brevundimonas nasdae,
Brevundimonas sp. LM2,
Paracoccus mutanolyticus,
Tsuneonella dongtanensis,
Burkholderia stagnalis,
Caballeronia grimmiae,
Pandoraea vervacti,
Comamonas kerstersii,
Aminomonas paucivorans,
Streptomyces sp. PBH53,Mesophilic
Kocuria sp. BT304,
Corynebacterium matruchotii,
Mycobacterium paraterrae,
Laceyella sacchari,
Meiothermus ruber,Thermophilic
Methylocystis sp. SB2,
Sideroxydans lithotrophicus,
Halobaculum salinum,
Streptomyces sp. CB04723,Mesophilic
Brevibacterium linens,
Arthrobacter sp. NicSoilB8,
Olsenella timonensis,
Lysinibacillus sp. YS11,
Chitinophaga sp. MD30,
Flavobacterium sp. N2013,
Formosa sp. Hel1_33_131,
Azospirillum humicireducens,
Sphingopyxis sp. YF1,
Advenella kashmirensis,
Oligella urethralis,
Marinomonas rhizomae,
[Pseudomonas] zhaodongensis,
Dyella caseinilytica,
Halarchaeum sp. CBA1220,
Pseudarthrobacter sp. SSS035,
Gordonia otitidis,
Brevibacillus brevis,
Prevotella copri,
Rhizobium sp. NXC14,
Oceanicola sp. D3,
Roseovarius tolerans,
Sphingomonas sp. S2-65,
Paraburkholderia terrae,
Klebsiella variicola,Mesophilic
Methanobrevibacter smithii,
Streptomyces sp. Sge12,Mesophilic
Streptomyces sp. WAC00288,Mesophilic
Corynebacterium imitans,
Corynebacterium marinum,
Gordonia sp. PDNC005,
Vescimonas fastidiosa,
Hymenobacter oligotrophus,
Flavobacterium sp. CHNK8,
Flavobacterium sp. SLB02,
Myroides fluvii,
Jannaschia sp. M317,
Novosphingobium sp. P6W,
Cupriavidus sp. P-10,
Janthinobacterium svalbardensis,
Citrobacter amalonaticus,Mesophilic
Leclercia adecarboxylata,Mesophilic
Cobetia pacifica,
Methylophaga nitratireducenticrescens,
Salvia hispanica,
Natronomonas salina,
Corynebacterium sanguinis,
Zunongwangia sp. SCSIO 43204,
Chryseobacterium indologenes,
Brevundimonas sp. SL130,
Rhizobium anhuiense,
Azospira inquinata,
Pseudomonas frederiksbergensis,Mesophilic
Pseudomonas sp. CMR5c,Mesophilic
Streptomyces violaceusniger,Mesophilic
Arthrobacter sunyaminii,
Mycobacterium cookii,
Rhodococcus sp. JS3073,
Clostridium chauvoei,Mesophilic
Salegentibacter sp. T436,
Deinococcus metallilatus,
Deinococcus radiopugnans,
Bradyrhizobium sp. CCBAU 21365,
Phyllobacterium sp. 628,
Collimonas pratensis,
Oceanimonas sp. GK1,
Cedecea neteri,Mesophilic
Methylomonas denitrificans,
Actinobacillus pleuropneumoniae,
Ahniella affigens,
Arthrobacter dokdonellae,
Mycobacteroides saopaulense,Mesophilic
Paenibacillus sabinae,
Staphylospora marina,
Hymenobacter sp. 5116S-3,
Flavobacterium gilvum,
Synechococcus sp. SynAce01,
Sphingomonas ginsengisoli An et al. 2013,
Paraburkholderia hospita,
Streptomyces sp. 2114.2,Mesophilic
Streptomyces sp. SS52,Mesophilic
Corynebacterium nuruki,
Rhodococcus sp. B7740,
Arabiibacter massiliensis,
Polycladomyces abyssicola,
Flavobacterium sp. KACC 22763,
Aurantiacibacter gangjinensis,
Sphingobium sp. JS3065,
Sedimenticola thiotaurini,
Halomonas sp. NyZ770,
Marinobacter salsuginis,
Pseudomonas promysalinigenes,Mesophilic
Pseudomonas sp. T1-3-2,Mesophilic
Pseudomonas vanderleydeniana,Mesophilic
Vibrio tarriae,
Methanobrevibacter sp. TLL-48-HuF1,
Streptomyces sp. A144,Mesophilic
Brevibacterium sandarakinum,
Subtercola sp. PAMC28395,
Eggerthella lenta,
Proteiniphilum saccharofermentans,
Alistipes senegalensis,
Pseudobacter ginsenosidimutans,
Cruoricaptor ignavus,
Brevundimonas vancanneytii,
Bradyrhizobium sp. 186,
Bradyrhizobium sp. 41S5,
Sphingomonas sp. J315,
Burkholderia perseverans,
Paraburkholderia graminis,
Polynucleobacter sp. MWH-UH2A,
Halomonas sp. GD1P12,
Pseudomonas graminis,Mesophilic
Pseudomonas nitroreducens,Mesophilic
Microbacterium liquefaciens,
Corynebacterium kroppenstedtii,
Mycobacterium noviomagense,
Pedobacter aquae,
Sphingobacterium faecium,
Allomeiothermus silvanus,Thermophilic
Bradyrhizobium sp. CCBAU 51765,
Tardiphaga sp. vice154,
Magnetococcus marinus,
Gemmobacter aquarius,
Porphyrobacter sp. LM 6,
Thiomonas intermedia,
Iodobacter ciconiae,
Microbulbifer sp. GL-2,
Raoultella ornithinolytica,Mesophilic
Pseudomonas sp. DY-1,Mesophilic
Sulfuriroseicoccus oceanibius,
Arthrobacter sp. DNA4,
Arthrobacter sp. MMS18-M83,
Gordonia sp. 135,
Candidatus Mycobacterium methanotrophicum,
Gordonibacter urolithinfaciens,
Bacillus altitudinis,
Metabacillus dongyingensis,
Paenibacillus sp. Y412MC10,
Flavobacterium channae,
Deinococcus radiodurans,
Bradyrhizobium sp. CCBAU 53340,
Rhizobium acidisoli,
Antarctobacter heliothermus,Thermophilic
Sphingobium phenoxybenzoativorans,
Comamonas odontotermitis,
Congregibacter litoralis,
Spongiibacter nanhainus,
Hydrogenophilus thermoluteolus,
Paenibacillus algicola,
Leptolyngbya sp. 7M,
Afipia sp. GAS231,
Agrobacterium sp. RAC06,
Thalassospira indica,
Sphingobium indicum,
Stenotrophomonas sp. MYb57,
Arthrobacter sp. PAMC 25486,
Cytobacillus solani,
Heyndrickxia vini,
Salisediminibacterium selenitireducens,
Clostridium sp. 16K-1-R1,Mesophilic
Sinomicrobium kalidii,
Haliscomenobacter hydrossis,
Azospirillum sp. TSH58,
Thalassospira marina,
Qipengyuania gelatinilytica,
Sphingopyxis fribergensis,
Sphingopyxis sp. DBS4,
Pantoea dispersa,Mesophilic
Ustilaginoidea virens,
Halobacterium sp. DL1,
Lysinibacillus sphaericus,
Winogradskyella sp. PC-19,
Pedobacter sp. G11,
Sulfurimicrobium lacus,
Microbulbifer sp. ALW1,
Sulfuriflexus mobilis,
Acinetobacter pseudolwoffii,
Marinobacter adhaerens,
Cloacibacillus porcorum,
Halococcus qingdaonensis,
Streptomyces sp. Tu6071,Mesophilic
Solibacillus sp. R5-41,
Keratinibaculum paraultunense,
Isosphaera pallida,
Pseudosulfitobacter sp. DSM 107133,
Roseovarius sp. TM1035,
Sphingomonas sp. AAP5,
Alcaligenes sp. 1735tsa3,
Duganella dendranthematis,
Paludibacterium yongneupense,
Methylacidimicrobium sp. B4,
Paeniglutamicibacter sp. ZC-3,
Mycobacterium sp. JS623,
Candidatus Desulforudis audaxviator,
Alistipes dispar,
Nonlabens ponticola,
Bradyrhizobium guangzhouense,
Achromobacter sp. 77,
Marinobacterium sediminicola,
Pseudomonas sp. LS.1a,Mesophilic
Haloferax gibbonsii,
Streptomyces sp. Tue 6075,Mesophilic
Arthrobacter sp. FW306-2-2C-D06B,
Glutamicibacter protophormiae,
Corynebacterium liangguodongii,
Mycobacterium stomatepiae,
Phoenicibacter congonensis,
Mesobacillus jeotgali,
Listeria monocytogenes,
Fluviicola taffensis,
Aeoliella mucimassa,
Bradyrhizobium sp. 14AB,
Bradyrhizobium sp. 170,
Sphingomonas sp. R1,
Pandoraea norimbergensis,
Polaromonas sp. JS666,
Dechloromonas sp. TW-R-39-2,
Desulfolithobacter dissulfuricans,
Caldichromatium japonicum,
Leucobacter luti,
Schnuerera ultunensis,
Niabella soli,
Hymenobacter sp. 5317J-9,
Terricaulis silvestris,
Pseudooceanicola algae,
Alcaligenes sp. SORT26,
Diaphorobacter sp. ED-3,
Diaphorobacter sp. HDW4B,
Desulfovibrio vulgaris,
Marinobacter sp. LQ44,
Priestia flexa,
Clostridium saccharoperbutylacetonicum,Mesophilic
Bacteroides eggerthii,Mesophilic
Aequorivita sublithincola,
Flavobacterium branchiophilum,
Flavobacterium sp. N1736,
Rhodopirellula sp. P2,
Aestuariispira ectoiniformans,
Sphingobium sp. YC-XJ3,
Sphingomonas sp. RMG20,
Burkholderia metallica,
Xanthomonas hydrangeae,
Akkermansia glycaniphila,
Corynebacterium humireducens,
Mycobacterium heidelbergense,
Mycobacterium marinum,
Mycobacterium sp. Aquia_213,
Paenibacillus sp. URB8-2,
Dyadobacter sp. NIV53,
Capnocytophaga ochracea,
Psychroflexus sp. ALD_RP9,
Siansivirga zeaxanthinifaciens,
Bradyrhizobium sp. CB3035,
Pararhodospirillum photometricum,
Burkholderia sp. B21-005,
[Acidovorax] ebreus,
Methylococcus geothermalis,
Pseudomonas sp. M30-35,Mesophilic
Bacillus mycoides,
Geobacillus zalihae,Thermophilic
Metabacillus sediminilitoris,
Paenibacillus tritici,
Dorea formicigenerans,
Candidatus Saccharimonas aalborgensis,
Asticcacaulis sp. AND118,
Caenibius sp. WL,
Pseudopuniceibacterium antarcticum,
Sphingomonas panacisoli,
Sphingopyxis sp. PAMC25046,
Aquaspirillum sp. LM1,
Geoalkalibacter halelectricus,
Neurospora crassa,
Streptomyces sp. KPB2,Mesophilic
Streptomyces sp. LBUM 1482,Mesophilic
Arthrobacter sp. NtRootA1,
Arthrobacter sp. zg-Y1171,
Corynebacterium timonense,
Slackia heliotrinireducens,
Lysinibacillus fusiformis,
Clostridium isatidis,Mesophilic
Dorea longicatena,
Mariniflexile sp. TRM1-10,
Gloeobacter morelensis,
Synechococcus sp. CBW1002,
Pseudochrobactrum sp. Wa41.01b-1,
Agrobacterium rubi,
Acidiphilium cryptum,
Burkholderia seminalis,
Ottowia oryzae,
Acidiferrobacter thiooxydans,
Dickeya zeae,Mesophilic
Pseudomonas mediterranea,Mesophilic
Pseudomonas sp. BSw22131,Mesophilic
Salinirubellus salinus,
Nesterenkonia sp. NBAIMH1,
Listeria innocua,
Paenibacillus lutimineralis,
Paenibacillus sp. JDR-2,
Anaerotruncus colihominis,
Chitinophaga filiformis,
Mongoliitalea daihaiensis,
Dyadobacter sp. U1,
Flavobacterium johnsoniae,
Deinococcus sp. TS-293,
Rhizobium sp. B21/90,
Roseibium alexandrii,
Glycocaulis alkaliphilus,
Fuscovulum blasticum,
Thioclava nitratireducens,
Tsuneonella flava,
Sphingosinithalassobacter tenebrarum,
Cupriavidus sp. KK10,
Geobacter sp. FeAm09,
Arthrobacter sp. zg-Y815,
Clostridium sp. DL-VIII,Mesophilic
Niabella ginsenosidivorans,
Flavobacterium cyclinae,
Flavobacterium sp. F-70,
Mucilaginibacter rubeus,
Rhodopirellula baltica,
Gimesia maris,
Acidovorax sp. 1608163,
Desulfuromonas soudanensis,
Geomonas nitrogeniifigens,
Pseudomonas sp. Sm006,Mesophilic
Arabidopsis thaliana,
Gephyromycinifex aptenodytis,
Pseudarthrobacter sp. NIBRBAC000502770,
Mycobacterium gordonae,
Mycobacterium shigaense,
Anoxybacillus amylolyticus,
Paenibacillus peoriae,
Flavobacterium cerinum,
Blastomonas fulva,
Caballeronia sp. Sq4a,
Paraburkholderia sp. PGU16,
Rhodoferax sp. PAMC 29310,
Azospira oryzae,
Shewanella loihica,
Serratia liquefaciens,Mesophilic
Horticoccus luteus,
Besnoitia besnoiti,
Microbacterium endophyticum,
Sutcliffiella cohnii,
Bradyrhizobium sp.,
Nitrobacter hamburgensis,
Leisingera sp. BMJM1,
Sulfuriferula plumbiphila,
Providencia alcalifaciens,Mesophilic
Cobetia sp. AM6,
Pseudomonas trivialis,Mesophilic
Actinomyces lilanjuaniae,
Actinomyces sp. Chiba101,
Streptomyces sp. NEAU-S7GS2,Mesophilic
Corynebacterium uterequi,
Mycolicibacterium vanbaalenii,
Bacillus sp. N3536,
Flavobacterium ammoniigenes,
Sphingobacterium sp. SRCM116780,
Planctopirus ephydatiae,
Bradyrhizobium sp. CB1024,
Sphingomonas sp. S6-11,
Cupriavidus malaysiensis,
Ferrigenium kumadai,
Sulfuricella denitrificans,
Ectothiorhodosinus mongolicus,
Methylomicrobium sp. wino1,
Hahella chejuensis,
Denitrificimonas caeni,
Sporisorium graminicola,
Brevibacterium atlanticum,
Arthrobacter sp. CDRTa11,
Arthrobacter sp. NicSoilB4,
Corynebacterium comes,
Gordonia hongkongensis,
Mycolicibacterium septicum,
Brevibacillus parabrevis,
Fulvivirga lutea,
Marixanthomonas sp. SCSIO 43207,
Zunongwangia sp. HRR-M8,
Mucilaginibacter paludis,
Thermus oshimai,Thermophilic
Bradyrhizobium sp. CCBAU 53421,
Paracoccus seriniphilus,
Pseudooceanicola atlanticus,
Novosphingobium sp. PP1Y,
Sphingobium sp. CAP-1,
Sterolibacterium denitrificans,
Oceanidesulfovibrio marinus,
Solidesulfovibrio carbinolicus,
Bacillus thuringiensis,
Geobacillus sp. C56-T3,Thermophilic
Paenibacillus alvei,
Runella sp. SP2,
Kordia sp. SMS9,
Chryseobacterium sp. 3008163,
Aliiroseovarius crassostreae,
Sphingomonas aliaeris,
Sphingopyxis sp. BSN-002,
Orrella marina,
Burkholderia sp. Bp7605,
Burkholderia stabilis,
Rhodoferax sp. AJA081-3,
Microbulbifer agarilyticus,
Methylomicrobium album,
Streptomyces sp. PVA_94-07,Mesophilic
Pseudarthrobacter equi,
Bacillus methanolicus,
Planococcus sp. MB-3u-03,
Algoriphagus sp. NBT04N3,
Hymenobacter yonginensis,
Flavobacterium alkalisoli,
Mesoflavibacter sp. SCSIO 43206,
Elizabethkingia sp. JS20170427COW,
Pedobacter endophyticus,
Pedobacter steynii,
Cyanobium gracile,
Brucella sp. MAB-22,
Labrenzia sp. THAF82,
Thalassospira sp. B30-1,
Novosphingobium ginsenosidimutans,
Advenella mimigardefordensis,
Paraburkholderia ginsengisoli,
Pseudodesulfovibrio mercurii,
Marinobacterium aestuarii,
Corynebacterium vitaeruminis,
Rhodococcus sp. DMU1,
Halothermothrix orenii,
Barnesiella viscericola,
Alistipes sp. dk3624,
Apibacter raozihei,
Sphingobacterium sp. UDSM-2020,
Methylocystis sp. SC2,
Erwinia sp. E602,Mesophilic
Marinobacter sp. CA1,
Pseudarthrobacter chlorophenolicus,
Dietzia timorensis,
Mycobacterium canettii,
Kyrpidia spormannii,
Paenibacillus bovis,
Faecalibacterium sp. I3-3-89,
Flavobacterium sp. IMCC36792,
Nonlabens sp. SY33080,
Paracoccus fistulariae,
Phaeobacter piscinae,
Sphingopyxis sp. FD7,
Marinobacter sp. es.042,
Fragaria vesca,
Prunus persica,
Curtobacterium sp. Csp2,
Glutamicibacter halophytocola,
Glutamicibacter mishrai,
Mycobacterium vicinigordonae,
Metabacillus sp. KUDC1714,
Chitinophaga sp. XS-30,
Dokdonia sp. 4H-3-7-5,
Flavobacterium inviolabile,
Flavobacterium nackdongense,
Muricauda lutaonensis,
Cloacibacterium normanense,
Pseudochrobactrum algeriensis,
Lichenihabitans sp. PAMC28606,
Asaia bogorensis,
Novosphingobium sp. THN1,
Sphingobium sp. YBL2,
Sphingomonas alpina,
Vogesella sp. XCS3,
Lelliottia amnigena,Mesophilic
Pectobacterium quasiaquaticum,Mesophilic
Granulicella mallensis,
Streptomyces sp. CB09030,Mesophilic
Curtobacterium sp. C1,
Psychromicrobium lacuslunae,
Thermophilibacter immobilis,
Paenibacillus sp. YPD9-1,
Lactiplantibacillus plantarum,
Hymenobacter sedentarius,
Kordia antarctica,
Muriicola soli,
Sphingobacterium sp. ML3W,
Deinococcus proteolyticus,
Sedimentisphaera salicampi,
Thalassoglobus polymorphus,
Brevundimonas pondensis,
Enterobacter kobei,Mesophilic
Dickeya fangzhongdai,Mesophilic
Pseudomonas seleniipraecipitans,Mesophilic
Stutzerimonas decontaminans,
Schaalia sp. 19OD2882,
Trueperella pyogenes,
Streptomyces albireticuli,Mesophilic
Streptomyces sp. GF20,Mesophilic
Arthrobacter sp. FW305-BF8,
Collinsella stercoris,
Algoriphagus sp. TR-M9,
Brucella pseudogrignonensis,
Bradyrhizobium sp. CCBAU 53351,
Qipengyuania seohaensis,
Aeromonas enteropelogenes,
Shewanella sedimentimangrovi,
Serratia plymuthica,Mesophilic
Pseudomonas sp. StFLB209,Mesophilic
Eremothecium gossypii,
Mycobacterium pallens,
Paenibacillus pabuli,
Spirosoma aureum,
Pontibacter sp. SGAir0037,
Sediminicola sp. YIK13,
Cloacibacterium caeni,
Rhizobium sp. TRM96647,
Falsirhodobacter sp. PG104,
Loktanella salsilacus,
Altererythrobacter epoxidivorans,
Sphingobium sp. Cam5-1,
Janthinobacterium sp. LM6,
Acidiferrobacter sp. SPIII_3,
Thermanaerovibrio acidaminovorans,
Bifidobacterium scardovii,
Mycetocola sp. JXN-3,
Bacillus badius,
Staphylococcus sp. AntiMn-1,
Flavihumibacter rivuli,
Hymenobacter sp. PAMC 26628,
Pontibacter actiniarum,
Aquimarina sp. BL5,
Constantimarinum furrinae,
Deinococcus wulumuqiensis,
Bradyrhizobium daqingense,
Rhizobium sp. Y9,
Aurantiacibacter sp. MUD61,
Sphingomonas changnyeongensis,
Sphingomonas sp. HDW15A,
Sphingomonas sp. LM7,
Paraburkholderia phymatum,
Marinobacter similis,
Pseudomonas azotoformans,Mesophilic
Pseudomonas izuensis,Mesophilic
Pseudomonas sp. HLS-6,Mesophilic
Pseudomonas toyotomiensis,Mesophilic
Pseudomonas tructae,Mesophilic
Corynebacterium glyciniphilum,
Mycobacterium sp. Aquia_216,
Rhodococcus oxybenzonivorans,
Eggerthella guodeyinii,
Rossellomorea marisflavi,
Virgibacillus sp. Bac332,
Parabacteroides johnsonii,Mesophilic
Chitinophaga sp. HK235,
Hymenobacter nivis,
Flavobacterium sp. K5-23,
Ketogulonicigenium robustum,
Sulfitobacter sp. THAF37,
Acidovorax sp. JMULE5,
Delftia sp. WY8,
Morococcus cerebrosus,
Pseudodesulfovibrio indicus,
Geomonas paludis,
Saccharospirillum mangrovi,
Halorientalis marina,
Actinomyces sp. 432,
Streptomyces malaysiensis,Mesophilic
Cutibacterium sp. CBA3108,
Rubrobacter indicoceani,
Alicyclobacillus sp. ALC3,
Bacillus sp. CMF21,
Mammaliicoccus sciuri,
Christensenella sp. Marseille-P3954,
Capnocytophaga stomatis,
Tenacibaculum finnmarkense,
Bradyrhizobium sp. 187,
Hyphomonas sp. CACIAM 19H1,
Thioclava electrotropha,
Magnetospira sp. QH-2,
Desulfosarcina ovata,
Buchnera aphidicola,Mesophilic
Pseudomonas muyukensis,Mesophilic
Stutzerimonas xanthomarina,
Stenotrophomonas sp. YAU14D1_LEIMI4_1,
Natrarchaeobaculum aegyptiacum,
Natrinema sp. SYSU A 869,
Arthrobacter sp. PGP41,
Pseudarthrobacter psychrotolerans,
Mycobacterium senriense,
Bacillus glycinifermentans,
Aneurinibacillus thermoaerophilus,
Enterococcus faecalis,
Clostridium taeniosporum,Mesophilic
Flavobacterium sp. CLA17,
Winogradskyella sp. MH6,
Pirellula staleyi,
Allorhizobium ampelinum,
Acidocella sp. MX-AZ03,
Komagataeibacter nataicola,
Porphyrobacter sp. HT-58-2,
Sphingomonas sp. HMP6,
Sphingosinithalassobacter sp. CS137,
Paraburkholderia dioscoreae,
Janthinobacterium agaricidamnosum,
Aeromonas jandaei,
Colwellia sp. MT41,
Acinetobacter lwoffii,
Halomonas sp. SH5A2,
Vibrio vulnificus,
Treponema brennaborense,
Nibricoccus aquaticus,
Salinirubellus sp. BND22,
Halorubrum sp. 1-13-28,
Dermabacter vaginalis,
Corynebacterium atypicum,
Mycolicibacter minnesotensis,
Adlercreutzia equolifaciens,
Gordonibacter pamelaeae,
Bacillus dafuensis,
Peribacillus simplex,
Clostridium gasigenes,Mesophilic
Hungatella hathewayi,
Intestinimonas butyriciproducens,
Prevotella multiformis,
Flavobacterium sp. N2820,
Paracoccus aminophilus,
Roseovarius faecimaris,
Acetobacter ascendens,
Oleidesulfovibrio alaskensis,
Stutzerimonas sp. R40042,
Aspergillus puulaauensis,
Natribaculum luteum,
Arthrobacter sp. CJ23,
Lentibacillus sp. CBA3610,
Cohnella abietis,
Sporosarcina ureae,
Clostridium gelidum,Mesophilic
Capnocytophaga sp. oral taxon 878,
Candidatus Nanosynbacter sp. HMT-352,
Brevundimonas mediterranea,
Komagataeibacter saccharivorans,
Tsuneonella mangrovi,
Sphingobium sp. YG1,
Sphingomonas qomolangmaensis,
Sphingopyxis sp. USTB-05,
Pandoraea fibrosis,
Rhodoferax ferrireducens,
Dechloromonas sp. HYN0024,
Acinetobacter calcoaceticus,
Halomonas hydrothermalis,
Pseudomonas coronafaciens,Mesophilic
Pseudomonas sp. Ost2,Mesophilic
Curtobacterium sp. Arg-1,
Arthrobacter sp. PAMC25564,
Arthrobacter sp. StoSoilB5,
Kocuria sp. KD4,
Ornithinimicrobium sp. INDO-MA30-4,
Gracilibacillus sp. SSPM10-3,
Neobacillus drentensis,
Oceanobacillus iheyensis,
Flavobacterium davisii,
Gillisia sp. Hel1_33_143,
Gramella forsetii,
Sphingobacterium sp. DR205,
Bradyrhizobium cosmicum,
Rhizobium sp. TRM96650,
Paracoccus saliphilus,
Leisingera sp. S132,
Azospirillum baldaniorum,
Paraburkholderia caledonica,
Pseudomonas fakonensis,Mesophilic
Pseudomonas yamanorum,Mesophilic
Pyricularia pennisetigena,
Prunus mume,
Streptomyces milbemycinicus,Mesophilic
Corynebacterium uberis,
Corynebacterium variabile,
Gracilibacillus sp. SSWR10-1,
Psychrobacillus sp. INOP01,
Pseudocnuella soli,
Flavobacterium kingsejongi,
Flavobacterium sangjuense,
Nonlabens dokdonensis,
Bradyrhizobium sp. C-145,
Tardiphaga sp. vice278,
Shewanella khirikhana,
Citrobacter rodentium,Mesophilic
Thalassolituus oleivorans,
Marinobacter salinus,
Stutzerimonas kunmingensis,
Halomarina sp. BND7,
Corynebacterium provencense,
Priestia filamentosa,
Paenibacillus sp. SS4,
Paenibacillus swuensis,
Viridibacillus sp. JNUCC-6,
Parabacteroides goldsteinii,Mesophilic
Flavobacterium crassostreae,
Deinococcus sp. KNUC1210,
Rosistilla carotiformis,
Candidatus Phaeomarinobacter ectocarpi,
Paraurantiacibacter namhicola,
Vitreoscilla filiformis,
Aeromonas schubertii,
Pantoea sp. CCBC3-3-1,Mesophilic
Bacterioplanes sanyensis,
Methanobrevibacter arboriphilus,
Chloracidobacterium sp. D,
Mycobacterium ostraviense,
Mycobacterium xenopi,
Allobacillus halotolerans,
Radiobacillus deserti,
Pedobacter sp. SL55,
Agrobacterium sp. T29,
Rhizobium sp. TAL182,
Saliniradius amylolyticus,
Citrobacter sp. RHBSTW-00271,Mesophilic
Pseudomonas psychrophila,Mesophilic
Terriglobus albidus,
Corynebacterium falsenii,
Corynebacterium qintianiae,
Hoyosella subflava,
Bacillus cytotoxicus,
Lederbergia lenta,
Virgibacillus necropolis,
Planococcus glaciei,
Ruminococcus gauvreauii,
Bacteroides ovatus,Mesophilic
Alistipes communis,
Panacibacter ginsenosidivorans,
Rhizobium sp. CIAT894,
Hyphomonas neptunium,
Ruegeria sp. B32,
Polynucleobacter sp. AP-Nino-20-G2,
Microbulbifer variabilis,
Halorussus sp. YCN54,
Arthrobacter sp. YA7-1,
Metabacillus sp. cB07,
Neobacillus mesonae,
Neobacillus sp. Marseille-Q6967,
Virgibacillus sp. MSP4-1,
Paenibacillus sp. 481,
Paenibacillus sp. FSL R5-0912,
Fibrella aestuarina,
Aureibaculum algae,
Flavobacterium sp. F-340,
Polaribacter sp. ALD11,
Chryseobacterium indoltheticum,
Rhizobium sp. L51/94,
Roseovarius sp. HL-MP18,
Erythrobacter sp. A30-3,
Ferrimonas sp. SCSIO 43195,
Zhongshania aliphaticivorans,
Klebsiella aerogenes,Mesophilic
Kushneria marisflavi,
Pseudomonas tolaasii,Mesophilic
Pseudomonas zeae,Mesophilic
Coraliomargarita akajimensis,
Halosiccatus urmianus,
Halobellus limi,
Halorubrum ruber,
Haloterrigena longa,
Corynebacterium pelargi,
Lysinibacillus capsici,
Cellulosilyticum sp. WCF-2,
Selenomonas timonae,
Hymenobacter baengnokdamensis,
Chryseobacterium bernardetii,
Thermus parvatiensis,Thermophilic
Sphingomonas sp. SUN039,
Burkholderia savannae,
Variovorax sp. PAMC28562,
Inhella inkyongensis,
Nitrosomonas stercoris,
Cronobacter dublinensis,Mesophilic
Dickeya dianthicola,Mesophilic
Pseudomonas sp. BT-42-2,Mesophilic
Pseudomonas sp. DG56-2,Mesophilic
Pseudomonas sp. St316,Mesophilic
Trichomonas vaginalis,
Streptomyces sp. S501,Mesophilic
Corynebacterium heidelbergense,
Corynebacterium renale,
Corynebacterium sp. SCR221107,
Tumebacillus avium,
Anoxybacillus caldiproteolyticus,
Bacillus sp. FJAT-22090,
Paenibacillus sp. HWE-109,
Niastella koreensis,
Spirosoma radiotolerans,
Rufibacter radiotolerans,
Flagellimonas sp. HMM57,
Flavobacterium sp. MDT1-60,
Polaribacter reichenbachii,
Sphingobacterium siyangense,
Oxynema aestuarii,
Rhizobium sp. NXC24,
Roseibacterium elongatum,
Burkholderia sp. IDO3,
Desulfovibrio piger,
Citrifermentans bemidjiense,
Halomonas profundi,
Kushneria konosiri,
Haemophilus influenzae,
Pseudomonas migulae,Mesophilic
Pseudomonas palleroniana,Mesophilic
Pseudomonas sp. KU26590,Mesophilic
Salinivibrio proteolyticus,
Stenotrophomonas sp. ZAC14D2_NAIMI4_6,
Halorubrum ezzemoulense,
Corynebacterium segmentosum,
Mycobacterium simiae,
Rhodococcus sp. ABRD24,
Bacillus sp. 1NLA3E,
Paenibacillus sp. FSL R7-0273,
Paenibacillus sp. IHB B 3084,
Arachidicoccus soli,
Imtechella halotolerans,
Polaribacter sp. MED152,
Adhaeretor mobilis,
Neoasaia chiangmaiensis,
Sphingobium sp. EP60837,
Sphingorhabdus sp. SMR4y,
Citrifermentans bremense,
Cardiobacterium hominis,
Enterobacter sp. N18-03635,Mesophilic
Cobetia sp. cqz5-12,
Pseudomonas sp. PSKL.D1,Mesophilic
Pseudomonas sp. R5-89-07,Mesophilic
Pseudomonas umsongensis,Mesophilic
Vibrio natriegens,
Streptomyces sp. ICC1,Mesophilic
Mycobacterium novum,
Rhodococcus pseudokoreensis,
Kyrpidia tusciae,
Lysinibacillus agricola,
Virgibacillus phasianinus,
Paenibacillus sp. JNUCC-32,
Chitinophaga pinensis,
Spirosoma pollinicola,
Reichenbachiella sp. BKB1-1,
Zunongwangia profunda,
Pedobacter suwonensis,
Leptospirillum ferrooxidans,
Gimesia panareensis,
Sphingopyxis alaskensis,
Paenalcaligenes hominis,
Cupriavidus sp. USMAA2-4,
Syntrophotalea acetylenica,
Shewanella dokdonensis,
Plasmodium sp. gorilla clade G2,
Halococcoides cellulosivorans,
Granulicella tundricola,
Terriglobus saanensis,
Streptomyces sp. M56,Mesophilic
Arthrobacter sp. QXT-31,
Paraliobacillus zengyii,
Virgibacillus sp. NKC19-16,
Streptococcus sp. CNU 77-61,
Streptococcus sp. CNU G2,
Algibacter alginicilyticus,
Gramella fulva,
Cyanobium sp. NIES-981,
Synechococcus sp. CBW1108,
Brevundimonas sp. CS1,
Rhizobium sp. NLR16a,
Burkholderia territorii,
Caballeronia sp. M1242,
Pseudodesulfovibrio aespoeensis,
Enterobacter cancerogenus,Mesophilic
Siccibacter colletis,Mesophilic
Pseudomonas koreensis,Mesophilic
Pseudomonas multiresinivorans,Mesophilic
Pseudomonas sp. C27(2019),Mesophilic
Gordonia sp. WA4-43,
Rhodococcus sp. M8,
Mesobacillus foraminis,
Paenibacillus graminis,
Paenibacillus sophorae,
Massilistercora timonensis,
Acetivibrio clariflavus,
Tannerella serpentiformis,
Mangrovivirga cuniculi,
Capnocytophaga cynodegmi,
Flavobacterium arcticum,
Sabulilitoribacter sp. BrNp1-15,
Mucilaginibacter gossypii,
Desulfurispirillum indicum,
Aureliella helgolandensis,
Sulfitobacter sp. JL08,
Komagataeibacter medellinensis,
Erythrobacter sp. BLCC-B19,
Sphingomonas sp. KC8,
Cupriavidus sp. MP-37,
Shewanella sp. JNE2,
Pantoea anthophila,Mesophilic
Rahnella aquatilis,Mesophilic
Serratia rubidaea,Mesophilic
Psychrobacter sanguinis,
Pseudomonas sp. CFA,Mesophilic
Halobaculum sp. CBA1158,
Methanobrevibacter millerae,
Bifidobacterium thermophilum,
Brevibacterium zhoupengii,
Arthrobacter sp. D5-1,
Rothia mucilaginosa,
Mycolicibacter sp. MYC017,
Cytobacillus kochii,
Paenibacillus sp. IHBB 10380,
Paenibacillus terrae,
Hymenobacter sp. DG25B,
Flavobacterium sp. B183,
Flavobacterium sp. N1846,
Formosa sp. Hel1_31_208,
Maribacter cobaltidurans,
Pelodictyon luteolum,
Planctopirus limnophila,
Bradyrhizobium icense,
Parvularcula bermudensis,
Kalamiella piersonii,Mesophilic
Pseudomonas siliginis,Mesophilic
Xylella taiwanensis,
Natronococcus occultus,
Streptomyces sp. A10(2020),Mesophilic
Auritidibacter sp. NML130574,
Paenibacillus sp. JNUCC-31,
Clostridium bornimense,Mesophilic
Dyadobacter sandarakinus,
Flavobacterium sp. N502536,
Mesorhizobium sp. NZP2234,
Erythrobacter mangrovi,
Sphingobium sp. AntQ-1,
Megalodesulfovibrio gigas,
Geomonas subterranea,
Enterobacter sp. SA187,Mesophilic
Methylobacter sp. YRD-M1,
Moraxella osloensis,
Mannheimia haemolytica,
Halopseudomonas sp. MFKK-1,
Pseudomonas sp. B21-035,Mesophilic
Pseudomonas sp. SL4(2022),Mesophilic
Halobacterium hubeiense,
Streptomyces sp. BI87,Mesophilic
Arthrobacter sp. FX8,
Gordonia zhaorongruii,
Mycobacterium spongiae,
Anaerobacillus isosaccharinicus,
Pradoshia sp. D12,
Bacteroides caccae,Mesophilic
Algoriphagus sp. TR-M5,
Echinicola strongylocentroti,
Spirosoma sp. KCTC 42546,
Fulvivirga sp. SW1-E11,
Hymenobacter sp. 5116S-27,
Flavobacterium sp. MMS21-Er5,
Pedobacter riviphilus,
Thermus sp. CCB_US3_UF1,Thermophilic
Tabrizicola piscis,
Allosphingosinicella indica,
Novosphingopyxis iocasae,
Comamonas piscis,
Comamonas thiooxydans,
Sutterella faecalis,
Methylovorus sp. MP688,
Pseudodesulfovibrio profundus,
Colwellia sp. M166,
Proteus mirabilis,Mesophilic
Thalassolituus hydrocarbonoclasticus,
Marinobacter sp.,
Pseudomonas sp. 31-12,Mesophilic
Pseudomonas sp. R84,Mesophilic
Brevibacterium pigmentatum,
Paenibacillus guangzhouensis,
Adhaeribacter radiodurans,
Hymenobacter sp. DG01,
Hymenobacter sp. YIM 151500-1,
Aquimarina sp. AD10,
Psychroserpens sp. MSW6,
Chlorobaculum limnaeum,
Candidatus Nitrospira inopinata,
Thalassobacter stenotrophicus,
Aquitalea denitrificans,
Aquitalea magnusonii,
Pantoea ananatis,Mesophilic
Cobetia marina,
Halomonas huangheensis,
Permianibacter aggregans,
Pseudomonas capeferrum,Mesophilic
Pseudomonas sp. HN2-3,Mesophilic
Pseudomonas syringae group genomosp. 7,Mesophilic
Stenotrophomonas pavanii,
Halomarina sp. BCD28,
Chloracidobacterium aggregatum,
Edaphobacter flagellatus,
Candidatus Rhodoluna planktonica,
Pseudarthrobacter sp. NS4,
Corynebacterium mycetoides,
Bacillus infantis,
Paenibacillus borealis,
Paenibacillus physcomitrellae,
Aquimarina sp. AD1,
Chryseobacterium sp. T16E-39,
Kaistella jeonii,
Deinococcus rubellus,
Paracoccus sp. SCSIO 80058,
Erythrobacter sp. THAF29,
Sphingomonas radiodurans,
Janthinobacterium sp. Marseille,
Neisseria bacilliformis,
Citrobacter portucalensis,Mesophilic
Halomonas piezotolerans,
Halomonas sp. A40-4,
Vibrio sp. J502,
Halosolutus halophilus,
Flaviflexus ciconiae,
Corynebacterium ureicelerivorans,
Anoxybacillus gonensis,
Bacillus weihaiensis,
Paenibacillus jilunlii,
Paenibacillus sp. FSL P4-0081,
Clostridium sp. BJN0001,Mesophilic
Carboxydocella thermautotrophica,
Hymenobacter psoromatis,
Brevundimonas sp. SGAir0440,
Lichenihabitans psoromatis,
Bradyrhizobium sp. CB1015,
Ensifer sp. T173,
Pseudorhodobacter turbinis,
Rhodophyticola sp. CCM32,
Cupriavidus sp. U2,
Microvenator marinus,
Acinetobacter sp. GSS19,
Halomonas sp. FeN2,
Pseudomonas sp. NEEL19,Mesophilic
Salinigranum rubrum,
Acidisarcina polymorpha,
Bifidobacterium adolescentis,
Streptomyces rochei,Mesophilic
Aurantimicrobium sp. MWH-Uga1,
Arthrobacter sp. zg-Y859,
Bacillus sp. Y1,
Cytobacillus gottheilii,
Cytobacillus sp. CY-G,
Fictibacillus sp. KU28468,
Paenibacillus antarcticus,
Fructilactobacillus myrtifloralis,
Bacteroides cellulosilyticus,Mesophilic
Spirosoma sp. KUDC1026,
Flavobacterium faecale,
Flavobacterium sp. IMCC34518,
Flavobacterium sp. MFBS3-15,
Thermus antranikianii,Thermophilic
Sphingomonas sanguinis,
Polynucleobacter necessarius,
Aeromonas rivuli,
Aeromonas simiae,
Aeromonas sp. ASNIH5,
Cardiobacterium sp. Marseille-Q4385,
Yersinia pestis,Mesophilic
Marinobacter fonticola,
Pseudomonas phytophila,Mesophilic
Pseudomonas sp. SWI36,Mesophilic
Haloglomus sp. ZY58,
Halorhabdus tiamatea,
Streptomyces sp. CRSS-Y-16,Mesophilic
Neomicrococcus aestuarii,
Alicyclobacillus cycloheptanicus,
Alicyclobacillus fastidiosus,
Alkalihalobacillus sp. LMS39,
Pontibacillus sp. HMF3514,
Subdoligranulum variabile,
Polaribacter sp. NJDZ03,
Wenyingzhuangia fucanilytica,
Deinococcus aquaticus,
Deinococcus psychrotolerans,
Roseivivax sp. THAF40,
Sphingobium herbicidovorans,
Neisseria meningitidis,
Pseudoalteromonas viridis,
Pseudomonas sp. KHPS1,Mesophilic
Spirochaeta thermophila,
Fusarium graminearum,Mesophilic
Natronomonas sp. ZY43,
Changpingibacter yushuensis,
Glutamicibacter sp. JL.03c,
Evansella cellulosilytica,
Sporosarcina sp. Te-1,
Jeotgalibaca porci,
Weissella confusa,
Filimonas lacunae,
Hymenobacter sp. APR13,
Pedobacter heparinus,
Luteithermobacter gelatinilyticus,
Burkholderia mayonis,
Acidovorax radicis,
Chromobacterium sp. Rain0013,
Pseudodesulfovibrio cashew,
Pseudomonas asturiensis,Mesophilic
Halobaculum halophilum,
Bifidobacterium pullorum,
Cutibacterium avidum,
Lysinibacillus sp. CD3-6,
Lysinibacillus varians,
Planococcus plakortidis,
Sporosarcina sp. Marseille-Q4063,
Spirosoma taeanense,
Hymenobacter sp. BRD128,
Flavobacterium commune,
Chryseobacterium gallinarum,
Nostoc sp. NIES-2111,
Bradyrhizobium sp. 40,
Rhizobium sp. NZLR1,
Sphingomonas sabuli,
[Enterobacter] lignolyticus,Mesophilic
Mixta theicola,Mesophilic
Brenneria goodwinii,Mesophilic
Hahella sp. KA22,
Pseudomonas lurida,Mesophilic
Pseudomonas xanthosomae,Mesophilic
Fusarium falciforme,Mesophilic
Halobiforma lacisalsi,
Halopiger xanaduensis,
Pseudarthrobacter sp. NIBRBAC000502772,
Gordonia ajococcus,
Mycobacterium basiliense,
Mycobacterium kansasii,
Bacillus sp. FJAT-18017,
Parageobacillus sp. KH3-4,Thermophilic
Ruthenibacterium lactatiformans,
Thermacetogenium phaeum,
Hymenobacter swuensis,
Chryseobacterium aureum,
Sphingobacterium psychroaquaticum,
Abyssibius alkaniclasticus,
Sphingobium sp. RAC03,
Pandoraea sp. XY-2,
Desulfovibrio desulfuricans,
Pseudoalteromonas nigrifaciens,
Erwinia billingiae,Mesophilic
Zymobacter palmae,
Pseudomonas sp. ADAK18,Mesophilic
Pseudomonas sp. B21-056,Mesophilic
Pseudomonas sp. PONIH3,Mesophilic
Xanthomonas perforans,
Haloprofundus halobius,
Parageobacillus genomosp. 1,Thermophilic
Virgibacillus sp. SK37,
Paenibacillus sp. FSL H7-0357,
Staphylococcus pseudoxylosus,
Clostridium estertheticum,Mesophilic
Pseudoclostridium thermosuccinogenes,
Flammeovirga pectinis,
Persicobacter sp. JZB09,
Flavobacterium sp. Sr18,
Polaribacter sp. SA4-10,
Pedobacter schmidteae,
Pelodictyon phaeoclathratiforme,
Bradyrhizobium zhanjiangense,
Sphingomicrobium flavum,
Sphingomonas daechungensis,
Myxococcus sp. NMCA1,
Nautilia sp. PV-1,
Shewanella putrefaciens,
Pantoea sp. SM3640,Mesophilic
Endozoicomonas sp. AP1-3,
Pseudomonas sp. DNDY-54,Mesophilic
Pseudomonas sp. SXM-1,Mesophilic
Streptomyces sp. RLB3-17,Mesophilic
Virgibacillus natechei,
Paenibacillus sp. FSL R5-0345,
Dysgonomonas sp. HDW5A,
Alistipes indistinctus,
Flavobacterium sp. CJ74,
Chryseobacterium arthrosphaerae,
Candidatus Viadribacter manganicus,
Sulfitobacter mediterraneus,
Novosphingobium sp. KACC 22771,
Sphingopyxis sp. PET50,
Pandoraea oxalativorans,
Chromobacterium phragmitis,
Salinimonas iocasae,
Shewanella sp. FJAT-52072,
Enterobacter chuandaensis,Mesophilic
Scandinavium goeteborgense,Mesophilic
Pseudomonas sp. B21-012,Mesophilic
Pseudomonas sp. Eqa60,Mesophilic
Pseudomonas sp. LG1D9,Mesophilic
Ustilago maydis,
Halorubrum trapanicum,
Methanobrevibacter sp. AbM4,
Gottfriedia acidiceleris,
Peribacillus butanolivorans,
Radiobacillus kanasensis,
Salipaludibacillus sp. LMS25,
Sutcliffiella horikoshii,
Megasphaera stantonii,
Chitinophaga alhagiae,
Hymenobacter sp. YIM 151858-1,
Polaribacter vadi,
Prosthecochloris aestuarii,
Brevundimonas sp. GW460-12-10-14-LB2,
Paracoccus sp. Arc7-R13,
Celeribacter ethanolicus,
Erythrobacter neustonensis,
Novosphingobium humi,
Chromobacterium rhizoryzae,
Methylovorus glucosotrophus,
Methylomonas rapida,
Halomonas sp. BDJS001,
Pseudomonas sp. DR48,Mesophilic
Pseudomonas sp. Marseille-Q3773,Mesophilic
Thiothrix litoralis,
Bifidobacterium bifidum,
Streptomyces sp. endophyte_N2,Mesophilic
Arthrobacter sp. zg-Y1110,
Parolsenella catena,
Salicibibacter cibi,
Vescimonas coprocola,
Bacteroides fragilis,Mesophilic
Sediminibacterium sp. TEGAF015,
Flagellimonas sp. CMM7,
Flavobacterium sp. N3904,
Polaribacter sp. BM10,
Thermoleptolyngbya sichuanensis,
Sulfitobacter sp. JK7-1,
Altererythrobacter sp. ZODW24,
Qipengyuania aquimaris,
Acidovorax cattleyae,
Nitrosomonas ureae,
Enterobacter cloacae complex sp. ECL352,Mesophilic
Methylomonas methanica,
Pseudomonas sp. NY11382,Mesophilic
Thiomicrorhabdus sediminis,
Photobacterium sp. TY1-4,
Vibrio cincinnatiensis,
Aspergillus chevalieri,
Halosimplex pelagicum,
Chloracidobacterium thermophilum,
Bifidobacterium asteroides,
Mycolicibacterium sarraceniae,
Brevibacillus sp. DP1.3A,
Paenibacillus baekrokdamisoli,
Streptococcus gallolyticus,
Selenomonas sp. oral taxon 126,
Selenomonas sp. oral taxon 136,
Maribacter sp. HTCC2170,
Nonlabens marinus,
Chryseobacterium sp. G0186,
Thermus brockianus,Thermophilic
Candidatus Paracaedibacter acanthamoebae,
Beijerinckia indica,
Aurantiacibacter atlanticus,
Erythrobacter aurantius,
Paraburkholderia sp. PGU19,
Polaromonas sp. E3S,
Eikenella corrodens,
Desulfurivibrio alkaliphilus,
Alteromonas macleodii,
Shewanella sp. FJAT-53532,
Pantoea deleyi,Mesophilic
Brenneria rubrifaciens,Mesophilic
Pectobacterium carotovorum,Mesophilic
Methylomonas sp. EFPC1,
Pseudomonas sp. URMO17WK12:I11,Mesophilic
Pyramidobacter piscolens,
Halalkaliarchaeum desulfuricum,
Methanosarcina thermophila,
Micrococcus sp. KBS0714,
Corynebacterium tuberculostearicum,
Xiamenia xianingshaonis,
Halobacillus mangrovi,
Terribacillus sp. DMT04,
Exiguobacterium acetylicum,
Paenibacillus sp. PK3_47,
Bacteroides salyersiae,Mesophilic
Marinilongibacter aquaticus,
Costertonia aggregata,
Chryseobacterium sp. MMS21-Ot14,
Rosistilla ulvae,
Bradyrhizobium sp. I71,
Hyphomonas atlantica,
Sulfitobacter sp. DSM 110093,
Sulfitobacter sp. S190,
Blastomonas sp. RAC04,
Sphingobium sp. KCTC 72723,
Acidovorax sp. RAC01,
Candidatus Sodalis pierantonius,Mesophilic
Jejubacter calystegiae,Mesophilic
Kluyvera ascorbata,Mesophilic
Pseudomonas savastanoi,Mesophilic
Pseudomonas sp. 7SR1,Mesophilic
Pseudomonas sp. B21-015,Mesophilic
Pseudomonas sp. JBR1,Mesophilic
Pseudomonas sp. LRP2-20,Mesophilic
Vibrio campbellii,
Pyricularia oryzae,
Bacillus shivajii,
Evansella sp. LMS18,
Bacteroides stercoris,Mesophilic
Porphyromonas cangingivalis,
Rufibacter sp. DG15C,
Flavobacterium fluviale,
Muricauda sp. SCSIO 64092,
Nonlabens sp. Ci31,
Salegentibacter salegens,
Sphingobacterium sp. SYP-B4668,
Cohaesibacter sp. ES.047,
Rhizobium sp. ZX09,
Parasphingopyxis sp. CP4,
Klebsiella sp. BDA134-6,Mesophilic
Edwardsiella hoshinae,Mesophilic
Halomonas sp. TD01,
Pseudomonas asiatica,Mesophilic
Pseudomonas corrugata,Mesophilic
Pseudomonas sp. IzPS59,Mesophilic
Thiopseudomonas alkaliphila,
Halorussus sp. XZYJT10,
Haloplanus aerogenes,
Mycobacterium sp. WY10,
Cutibacterium acnes,
Bacillus sp. S3,
Geobacillus thermocatenulatus,Thermophilic
Lysinibacillus parviboronicapiens,
Paenibacillus tianjinensis,
Schleiferilactobacillus harbinensis,
Ferruginibacter lapsinanis,
Aequorivita sp. H23M31,
Algibacter sp. L1A34,
Zhouia spongiae,
Rhizobium laguerreae,
Pseudovibrio sp. FO-BEG1,
Qipengyuania soli,
Janthinobacterium tructae,
Geobacter sp. DSM 9736,
Rheinheimera sp. D18,
Methylomonas sp. LL1,
Bacterioplanoides sp. SCSIO 12839,
Pseudomonas sp. RtIB026,Mesophilic
Pseudomonas versuta,Mesophilic
Puccinia triticina,
Halobellus ramosii,
Halopenitus persicus,
Pseudarthrobacter sulfonivorans,
Rothia dentocariosa,
Corynebacterium pseudotuberculosis,
Rhodococcus globerulus,
Niallia sp. Man26,
Arachidicoccus terrestris,
Flavobacterium sp. F-323,
Lacinutrix sp. 5H-3-7-4,
Caulobacter henricii,
Lelliottia sp. WB101,Mesophilic
Halomonas binhaiensis,
Pseudomonas atacamensis,Mesophilic
Pseudomonas sp. GXZC,Mesophilic
Pseudomonas sp. Leaf58,Mesophilic
Pseudomonas veronii,Mesophilic
Treponema denticola,
Halomicrobium sp. LC1Hm,
Haloterrigena salifodinae,
Bacillus sp. OxB-1,
Lysinibacillus sp. G01H,
Metabacillus litoralis,
Paenibacillus sp. YPG26,
Sporosarcina sp. resist,
Streptococcus agalactiae,
Oscillibacter hominis,
Thermanaeromonas toyohensis,
Hymenobacter sp. HDW8,
Euzebyella marina,
Mucilaginibacter jinjuensis,
Pedobacter sp. D749,
Prochlorococcus sp. MIT 0604,
Alteracholeplasma palmae,
Brevundimonas sp. Bb-A,
Agrobacterium deltaense,
Qingshengfaniella alkalisoli,
Desulfobulbus oralis,
Desulfomicrobium sp. ZS1,
Desulfuromonas sp. AOP6,
Shewanella cyperi,
Dickeya dadantii,Mesophilic
Acinetobacter ursingii,
Amphritea atlantica,
Pseudomonas sp. A214,Mesophilic
Pseudomonas sp. HN8-3,Mesophilic
Pseudomonas sp. SWI6,Mesophilic
Vibrio sp. STUT-A16,
Fretibacterium fastidiosum,
Leishmania mexicana,
Bathycoccus prasinos,
Halovivax sp. WLHSJ27,
Natronococcus sp. CG52,
Pseudarthrobacter sp. L1SW,
Rhodococcus sp. 008,
Bacillus pseudomycoides,
Lysinibacillus sp. Ag94,
Sutcliffiella sp. NC1,
Virgibacillus dokdonensis,
Paenibacillus psychroresistens,
Planococcus sp. PAMC 21323,
Clostridium intestinale,Mesophilic
Terrisporobacter hibernicus,
Aquimarina sp. TRL1,
Flavobacterium sp. N2038,
Gramella salexigens,
Tenacibaculum sp. SZ-18,
Winogradskyella sp. PG-2,
Parasphingorhabdus litoris,
Sphingomonas xanthus,
Hydrogenophaga crassostreae,
Sutterella megalosphaeroides,
Desulfonema limicola,
Enterobacter cloacae complex sp.,Mesophilic
Brenneria izadpanahii,Mesophilic
Methylomonas paludis,
Halomonas sp. XH26,
Pseudomonas mosselii,Mesophilic
Pseudomonas sp. NS1(2017),Mesophilic
Bifidobacterium breve,
Rhodococcus sp. LW-XY12,
Rhodococcus sp. P1Y,
Paenibacillus riograndensis,
Paenibacillus xylanilyticus,
Paracrocinitomix mangrovi,
Flavobacterium album,
Flavobacterium nitrogenifigens,
Flavobacterium sp. TR2,
Chryseobacterium shandongense,
Candidatus Kaistella beijingensis,
Olivibacter sp. LS-1,
Acidithiobacillus sp. YTS05,
Bradyrhizobium sp. 192,
Rhodobaca barguzinensis,
Erythrobacter sp. KY5,
Ralstonia wenshanensis,
Desulfobulbus propionicus,
Idiomarina abyssalis,
Idiomarina sp. X4,
Moritella sp. 5,
Legionella pneumophila,
Pseudomonas extremaustralis,Mesophilic
Pseudomonas sp. R32,Mesophilic
Pseudomonas sp. R76,Mesophilic
Vibrio fluvialis,
Halobacterium sp. Gai3-17,
Methanoculleus chikugoensis,
Schaalia sp. JY-X169,
Trueperella bialowiezensis,
Streptomyces sp. CA-278952,Mesophilic
Leucobacter coleopterorum,
Arthrobacter sp. StoSoilB20,
Raoultibacter timonensis,
Salisediminibacterium beveridgei,
Listeria grayi,
Jeotgalibacillus malaysiensis,
Planococcus halotolerans,
Spirosoma sp. RHs26,
Hymenobacter sp. BRD67,
Dyadobacter sp. CY399,
Gramella sp. MT6,
Oceanihabitans sp. IOP_32,
Winogradskyella schleiferi,
Empedobacter falsenii,
Sphingobacterium paramultivorum,
Prochlorococcus marinus,
Bradyrhizobium sp. 191,
Nitratireductor rhodophyticola,
Agrobacterium sp. MA01,
Hyphomonas sp. KY3,
Maricaulis maris,
Roseovarius sp. THAF9,
Mycetohabitans rhizoxinica,
Aquitalea sp. USM4,
Desulfomicrobium orale,
Microbulbifer sp. A4B17,
Rouxiella badensis,Mesophilic
Yersinia aleksiciae,Mesophilic
Acinetobacter nosocomialis,
Cobetia sp. L2A1,
Pseudomonas sp. 2hn,Mesophilic
Pseudomonas xantholysinigenes,Mesophilic
Halobacterium salinarum,
Haloterrigena alkaliphila,
Candidatus Koribacter versatilis,
Renibacterium salmoninarum,
Halobacillus sp. SSHM10-5,
Lentibacillus amyloliquefaciens,
Planococcus massiliensis,
Lactococcus lactis,
Alistipes shahii,
Cytophaga hutchinsonii,
Hymenobacter jejuensis,
Flavobacterium collinsii,
Formosa sp. L2A11,
Elizabethkingia sp. M8,
Mucilaginibacter celer,
Caldithrix abyssi,
Tateyamaria omphalii,
Thalassococcus sp. S3,
Kozakia baliensis,
Novacetimonas hansenii,
Pandoraea sp. NE5,
Saccharophagus degradans,
Glaesserella parasuis,
Marinobacter sp. JH2,
Pseudomonas sp. CBS,Mesophilic
Pseudomonas sp. NY5710,Mesophilic
Pseudomonas sp. S09G 359,Mesophilic
Pseudomonas sp. SORT22,Mesophilic
Thiomicrorhabdus xiamenensis,
Vibrio alginolyticus,
Vibrio gigantis,
Lysobacter sp. CJ11,
Haloplanus rubicundus,
Pseudarthrobacter sp. NBSH8,
Geobacillus sp. GHH01,Thermophilic
Rossellomorea vietnamensis,
Ethanoligenens harbinense,
Phascolarctobacterium sp. Marseille-Q4147,
Bacteroides uniformis,Mesophilic
Phocaeicola coprophilus,
Prevotella dentalis,
Cellulophaga baltica,
Sphingobacterium sp. LZ7M1,
Pirellula sp. SH-Sr6A,
Rhizobium oryzihabitans,
Leisingera methylohalidivorans,
Thalassospira sp. A40-3,
Thalassospira xiamenensis,
Sphingomonas lacunae,
Sphingorhabdus sp. YGSMI21,
Rhodoferax sp. MIZ03,
Desulfovibrio fairfieldensis,
Plesiomonas shigelloides,Mesophilic
Nissabacter sp. SGAir0207,Mesophilic
Pseudomonas azerbaijanoriens,Mesophilic
Pseudomonas reinekei,Mesophilic
Pseudomonas sp. BW7P1,Mesophilic
Pseudomonas sp. R3-52-08,Mesophilic
Pseudomonas taetrolens,Mesophilic
Thiomicrospira sp. S5,
Pseudobdellovibrio exovorus,
Leptospira weilii,
Rathayibacter sp. VKM Ac-2805,
Rhodococcus sp. 2G,
Bacillus sp. KH172YL63,
Paenibacillus xylanexedens,
Streptococcus sp. CNU G3,
Pelosinus sp. UFO1,
Flavisolibacter ginsenosidimutans,
Flavobacterium magnum,
Kaistella sp. BT6-1-3,
Gloeocapsa sp. PCC 7428,
Sphingobium sp. PAMC28499,
Sphingomonas sp. KRR8,
Burkholderia orbicola,
Glaciimonas sp. PAMC28666,
Sulfuriferula sp. AH1,
Fluviibacter phosphoraccumulans,
Pseudoalteromonas rubra,
Shewanella decolorationis,
Shewanella litorisediminis,
Shimwellia blattae,Mesophilic
Psychrobacter sp. P2G3,
Endozoicomonas euniceicola,
Pseudomonas sp. B21-040,Mesophilic
Vibrio aphrogenes,
Ostreococcus tauri,
Halosimplex litoreum,
Halobacterium sp. GSL-19,
Halorubrum salinarum,
Natronobiforma sp. CGA73,
Paenarthrobacter sp. YJN-5,
Corynebacterium glucuronolyticum,
Mycolicibacter sp. MYC101,
Rhodococcus sp. p52,
Fimbriimonas ginsengisoli,
Bacillus fonticola,
Bacillus sp. F19,
Metabacillus sp. B2-18,
Paenibacillus sp. 19GGS1-52,
Bacteroides thetaiotaomicron,Mesophilic
Echinicola soli,
Flavobacterium sp. N2270,
Tenacibaculum maritimum,
Deinococcus sp. AJ005,
Polystyrenella longa,
Labrenzia sp. PHM005,
Kordiimonas pumila,
Sulfitobacter sp. W002,
Neisseria sp. KEM232,
Geobacter sp. SVR,
Desulfoglaeba alkanexedens,
Catenovulum sp. TS8,
Salinimonas sediminis,
Halomonas sp. GFAJ-1,
Pseudomonas libanensis,Mesophilic
Pseudomonas sp. CIP-10,Mesophilic
Aspergillus nidulans,
Fusarium keratoplasticum,Mesophilic
Schaalia cardiffensis,
Sediminibacillus dalangtanensis,
Paenibacillus sonchi,
Ammonifex degensii,
Acidilutibacter cellobiosedens,
Adhaeribacter swui,
Flavobacterium sp. IMCC36791,
Maribacter sp. Hal144,
Ichthyobacterium seriolicida,
Rubinisphaera brasiliensis,
Maribius sp. THAF1,
Octadecabacter sp. SW4,
Roseobacter denitrificans,
Sphingopyxis sp. QXT-31,
Aeromonas sp. FDAARGOS 1407,
Teredinibacter purpureus,
Granulosicoccus antarcticus,
Enterobacter ludwigii,Mesophilic
Marinomonas mediterranea,
Pseudomonas asplenii,Mesophilic
Pseudomonas monsensis,Mesophilic
Pseudomonas poae,Mesophilic
Pseudomonas sp. S49,Mesophilic
Pseudomonas sp. SGAir0191,Mesophilic
Aliivibrio fischeri,
Halorubrum sp. BOL3-1,
Natrialba magadii,
Actinomyces sp. HMT897,
Corynebacterium testudinoris,
Lysinibacillus sp. OF-1,
Planococcus lenghuensis,
Vagococcus lutrae,
Flavisolibacter tropicus,
Mucilaginibacter sp. SMC90,
Prosthecochloris sp. CIB 2401,
Chloroflexus aurantiacus,
Leptolyngbya sp. PKUAC-SCTB231,
Mycoplasmopsis edwardii,
Tardiphaga sp. vice304,
Rhizobium sp. T136,
Celeribacter baekdonensis,
Sphingomonas sinipercae,
Caballeronia sp. SBC1,
Tolumonas auensis,
Shewanella baltica,
Klebsiella oxytoca,Mesophilic
Kosakonia cowanii,Mesophilic
Pseudomonas lijiangensis,Mesophilic
Pseudomonas lundensis,Mesophilic
Pseudomonas moraviensis,Mesophilic
Streptomyces sp. CGMCC 4.1796,Mesophilic
Arthrobacter sp. FW306-07-I,
Rothia amarae,
Bacillus sp. FJAT-42376,
Staphylococcus hominis,
Streptococcus infantarius,
Chryseobacterium sp.,
Mucilaginibacter robiniae,
Fusobacterium nucleatum,
Ottowia sp. oral taxon 894,
Janthinobacterium sp. HH102,
Ferriphaselus amnicola,
Alteromonas sp. LMIT006,
Halorhodospira halochloris,
Escherichia marmotae,Mesophilic
Mixta calida,Mesophilic
Pseudomonas sp. B21-048,Mesophilic
Pseudomonas viciae,Mesophilic
Bacteriovorax stolpii,
Treponema primitia,
Natrinema sp. J7-2,
Streptomyces autolyticus,Mesophilic
Brevibacterium sp. W7.2,
Mycobacterium senegalense,
Priestia koreensis,
Terribacillus goriensis,
Eubacterium limosum,
[Clostridium] scindens,
Porphyromonas sp. oral taxon 275,
Rufibacter tibetensis,
Olleya sp. HaHaR_3_96,
Winogradskyella sp. HaHa_3_26,
Uruburuella testudinis,
Methylophilus medardicus,
Desulfoluna sp. ASN36,
Campylobacter concisus,
Hydrogenimonas urashimensis,
Shewanella sp. WPAGA9,
Leclercia pneumoniae,Mesophilic
Pectobacterium aroidearum,Mesophilic
Methylomonas rhizoryzae,
Halomonas campaniensis,
Marinobacter sp. LV10R510-11A,
Neospora caninum,
Halorientalis litorea,
Halalkalicoccus jeotgali,
Streptomyces sp. G7(2002),Mesophilic
Berryella intestinalis,
Bacillus sp. FCW2,
Bacillus sp. NSP9.1,
Paenibacillus uliginis,
Kurthia zopfii,
Paenisporosarcina antarctica,
Sporosarcina pasteurii,
Jeotgalibaca ciconiae,
Clostridium kluyveri,Mesophilic
Larkinella insperata,
Galbibacter sp. BG1,
Sphingobacterium sp. E70,
Scytonema sp. NIES-4073,
Deinococcus peraridilitoris,
Pontibrevibacter nitratireducens,
Jannaschia sp. CCS1,
Roseobacter ponti,
Sphingobium sp. SCG-1,
Candidatus Symbiobacter mobilis,
Desulfohalobium retbaense,
Salinimonas marina,
Colwellia sp. PAMC 20917,
Proteus vulgaris,Mesophilic
Amphritea japonica,
Pasteurella multocida,
Pseudomonas sp. B21-019,Mesophilic
Pseudomonas wadenswilerensis,Mesophilic
Vibrio furnissii,
Rhizoctonia solani,
Streptomyces sp. 604F,Mesophilic
Brevibacterium siliguriense,
Corynebacterium glaucum,
Corynebacterium terpenotabidum,
Gordonia sp. JH63,
Adlercreutzia hattorii,
Bacillus sp. THAF10,
Paenalkalicoccus suaedae,
Solibaculum mannosilyticum,
Thermoanaerobacterium thermosaccharolyticum,
Megasphaera elsdenii,
Prevotella intermedia,
Tenuifilum thalassicum,
Spirosoma rhododendri,
Capnocytophaga sputigena,
Flavobacterium bizetiae,
Leeuwenhoekiella palythoae,
Owenweeksia hongkongensis,
Synechococcus sp. CBW1107,
Geovibrio thiophilus,
Bradyrhizobium sp. CCBAU 53338,
Ruegeria sp. SCSIO 43209,
Sulfitobacter indolifex,
Croceicoccus sp. Ery5,
Sphingomonas sediminicola,
Desulfobulbus oligotrophicus,
Paraneptunicella aestuarii,
Pantoea sp. At-9b,Mesophilic
Serratia proteamaculans,Mesophilic
Aquicella lusitana,
Acinetobacter sp. TTH0-4,
Endozoicomonas sp. SCSIO W0465,
Pseudomonas brenneri,Mesophilic
Pseudomonas mandelii,Mesophilic
Photobacterium atrarenae,
Mariprofundus aestuarium,
Pyricularia grisea,
Halosimplex sp. XZYJT29,
Haloterrigena turkmenica,
Actinomyces sp. oral taxon 897,
Mycobacterium leprae,
Rhodococcus sp. WAY2,
Bacillus toyonensis,
Salicibibacter kimchii,
Exiguobacterium mexicanum,
Aneurinibacillus sp. Ricciae_BoGa-3,
Paenibacillus crassostreae,
Antarcticibacterium sp. 1MA-6-2,
Maribacter hydrothermalis,
Maribacter sp. MJ134,
Tenacibaculum todarodis,
Deinococcus deserti,
Methylobacterium sp. SyP6R,
Sulfitobacter sp. BSw21498,
Thalassospira sp. GO-4,
Undibacterium parvum,
Neisseria chenwenguii,
Methylophilus sp. TWE2,
Moritella yayanosii,
Shewanella sp. W3-18-1,
Pantoea sp. SOD02,Mesophilic
Hafnia alvei,Mesophilic
Musicola paradisiaca,Mesophilic
Pectobacterium brasiliense,Mesophilic
Marinobacter psychrophilus,
Pseudomonas antarctica,Mesophilic
Pseudomonas sp. R2-7-07,Mesophilic
Salinivibrio kushneri,
Toxoplasma gondii,
Haladaptatus salinisoli,
Salinarchaeum sp. Harcht-Bsk1,
Arthrobacter polaris,
Corynebacterium coyleae,
Cutibacterium modestum,
Fictibacillus arsenicus,
Salicibibacter halophilus,
Clostridium pasteurianum,Mesophilic
Lacibacter sp. S13-6-22,
Hymenobacter qilianensis,
Hymenobacter sp. 5516S-25,
Candidatus Arcticimaribacter forsetii,
Flavobacterium sp. M31R6,
Nonlabens sp. Hel1_33_55,
Polaribacter dokdonensis,
Mucilaginibacter ginsenosidivorax,
Moorena producens,
Leptolyngbya sp. BL0902,
Mycoplasmopsis anatis,
Fuerstiella marisgermanici,
Agrobacterium sp. 13-2099-1-2,
Rhizobium sp. 007,
Sphingopyxis terrae,
Nitrosospira sp. NRS527,
Desulfovibrio ferrophilus,
Campylobacter fetus,
Serratia rhizosphaerae,Mesophilic
Serratia ureilytica,Mesophilic
Cobetia sp. 4B,
Halomonas sp. 7T,
Pseudomonas sp. BC42,Mesophilic
Vibrio diabolicus,
Fusarium poae,Mesophilic
Halobacterium litoreum,
Halobacterium noricense,
Haloplanus sp. GDY1,
Corynebacterium flavescens,
Corynebacterium sp. CNCTC7651,
Olsenella sp. oral taxon 807,
Alkalihalophilus pseudofirmus,
Bacillus sp. JY-23,
Clostridium manihotivorum,Mesophilic
Dysosmobacter sp. Marseille-Q4140,
Seonamhaeicola sp. ML3,
Rhizobium sp. BT-175,
Hyphobacterium sp. CCMP332,
Ruegeria sp. YS9,
Ehrlichia canis,
Sphingorhabdus sp. M41,
Alcaligenes sp. DN25,
Oligella ureolytica,
Solidesulfovibrio magneticus,
Rahnella inusitata,Mesophilic
Serratia ficaria,Mesophilic
Acinetobacter sp. WCHAc010034,
Moraxella sp. FZFQ2102,
Pseudomonas sp. NIBR-H-19,Mesophilic
Pseudomonas sp. OE 28.3,Mesophilic
Vibrio harveyi,
Turneriella parva,
Plasmodium malariae,
Fusarium venenatum,Mesophilic
Haloglomus sp. ZY41,
Natronomonas halophila,
Methanocella arvoryzae,
Corynebacterium simulans,
Corynebacterium striatum,
[Bacillus] caldolyticus,
Paenibacillus odorifer,
Streptococcus suis,
Enterocloster clostridioformis,
Moorella glycerini,
Selenomonas sp. oral taxon 478,
Candidatus Sulfidibacterium hydrothermale,
Aggregatimonas sangjinii,
Tenacibaculum pacificus,
Synechococcus sp. WH 8101,
[Ochrobactrum] quorumnocens,
Leisingera sp. NJS204,
Sulfitobacter dubius,
Gluconobacter albidus,
Orrella sp. f23,
Burkholderia latens,
Limnobacter sp. SAORIC-580,
Aeromonas sp. ASNIH4,
Nitrosococcus watsonii,
Sodalis praecaptivus,Mesophilic
Salmonella bongori,Mesophilic
Pantoea sp. Z09,Mesophilic
Pseudomonas sp. LTJR-52,Mesophilic
Fromanvirus trixie,
Halobaculum magnesiiphilum,
Halostagnicola larsenii,
Candidatus Nitrosocosmicus franklandus,
Streptomyces sp. ICC4,Mesophilic
Salinibacterium sp. M195,
Paenarthrobacter aurescens,
Rhodococcus sp. USK13,
Cutibacterium granulosum,
Sporosarcina ureilytica,
Staphylococcus epidermidis,
Jeotgalibaca arthritidis,
Caproiciproducens sp. NJN-50,
Hymenobacter sp. PAMC 29467,
Lacinutrix sp. Bg11-31,
Chryseobacterium sp. Y16C,
Pedobacter sp. PACM 27299,
Prosthecochloris sp. GSB1,
Metamycoplasma orale,
Bradyrhizobium sp. SEMIA,
Sinorhizobium sp. CCBAU 05631,
Cognatishimia activa,
Acetobacter pasteurianus,
Alcaligenes sp. SMD-FA,
Burkholderia sp. PAMC 26561,
Mycoavidus sp. B2-EB,
Polynucleobacter sp. VK25,
Desulfomicrobium baculatum,
Colwellia sp. Arc7-D,
Dichelobacter nodosus,
Marinagarivorans sp. GE09,
Alcanivorax sp. NBRC 101098,
Pseudomonas sp. B21-059,Mesophilic
Pseudomonas sp. Cab53,Mesophilic
Photobacterium sp. TLY01,
Botrytis cinerea,
Halorubrum sp. 2020YC2,
Natrarchaeobaculum sulfurireducens,
Edaphobacter sp. 4G125,
Streptomyces sp. S1D4-23,Mesophilic
Corynebacterium zhongnanshanii,
Mycobacterium sp. PYR15,
Bacillus vallismortis,
Pontibacillus sp. ALD_SL1,
Streptococcus pyogenes,
Larkinella sp. IE-0392,
Dokdonia sp. MED134,
Flavobacterium sp. 140616W15,
Tenacibaculum dicentrarchi,
Chlorobium phaeobacteroides,
Thermobaculum terrenum,
Dehalogenimonas formicexedens,
Geitlerinema sp. PCC 7407,
Mycoplasma mycoides,
Thermogutta terrifontis,
Brucella pituitosa,
Maritalea myrionectae,
Paracoccus marcusii,
Sphingobium sp. CFD-1,
Oxalobacter vibrioformis,
Pseudodesulfovibrio portus,
Pseudodesulfovibrio sediminis,
Alteromonas naphthalenivorans,
Atlantibacter hermannii,Mesophilic
Raoultella sp. XY-1,Mesophilic
Pseudomonas juntendi,Mesophilic
Pseudomonas sp. BIOMIG1BAC,Mesophilic
Pseudomonas sp. SK2,Mesophilic
Pseudomonas tritici,Mesophilic
Vibrio metoecus,
Saccharomyces cerevisiae,
Halovivax sp. KZCA124,
Saliphagus sp. WLHS1,
Chloracidobacterium validum,
Rathayibacter toxicus,
Geobacillus sp. 46C-IIa,Thermophilic
Paenibacillus marchantiae,
Paenibacillus sp. Cedars,
Paenibacillus sp. DCT19,
Phnomibacter ginsenosidimutans,
Seonamhaeicola sp. S2-3,
Tenacibaculum ovolyticum,
Kovacikia minuta,
Pseudochrobactrum sp. XF203,
Rhizobium indicum,
Aliiroseovarius sp. M344,
Sphingorhabdus lacus,
Burkholderia sp. MSMB0856,
Burkholderia sp. S-53,
Polynucleobacter antarcticus,
blood disease bacterium A2-HR MARDI,
Polaromonas vacuolata,
Rhodoferax saidenbachensis,
Variovorax sp. WS11,
Chitinibacter bivalviorum,
Desulfosarcina sp. BuS5,
Geobacter benzoatilyticus,
Yersinia ruckeri,Mesophilic
Pseudomonas kribbensis,Mesophilic
Pseudomonas sp. ADAK13,Mesophilic
Pseudomonas sp. MM213,Mesophilic
Pseudomonas sp. SCA2728.1_7,Mesophilic
Xylella fastidiosa,
Malassezia restricta,
Rothia aeria,
Corynebacterium deserti,
Corynebacterium riegelii,
Rhodococcus sp. WB1,
Parolsenella massiliensis,
Psychrobacillus glaciei,
Kurthia sp. 11kri321,
Limosilactobacillus fermentum,
Desulfotomaculum nigrificans,
Roseburia hominis,
Desulforamulus reducens,
unidentified bacterial endosymbiont,
Prevotella ruminicola,
Cardinium endosymbiont of Sogatella furcifera,
Hymenobacter tibetensis,
Antarcticibacterium arcticum,
Tamlana sp. s12,
Parvicella tangerina,
Mucilaginibacter sp. KACC 22063,
Brucella sp. 458,
Roseobacter litoralis,
Oecophyllibacter saccharovorans,
Qipengyuania aurantiaca,
Massilia sp. Se16.2.3,
Nitrosospira briensis,
Geotalea daltonii,
Agarilytica rhodophyticola,
Erwinia persicina,Mesophilic
Pantoea stewartii,Mesophilic
Acinetobacter sp. NyZ410,
Halomonas alkaliphila,
Aliamphritea ceti,
Pseudomonas sp. S34,Mesophilic
Pseudomonas sp. WJP1,Mesophilic
Vibrio palustris,
Pochonia chlamydosporia,
Haloferax alexandrinus,
Halorubrum lacusprofundi,
Arthrobacter sp. StoSoilB19,
Halobacillus litoralis,
Paenibacillus sp. FSL R7-0331,
Anaeromicropila herbilytica,
Candidatus Amoebophilus asiaticus,
Flavobacterium pallidum,
Polaribacter sp. SA4-12,
Mucilaginibacter ginsenosidivorans,
Chloroherpeton thalassium,
Phototrophicus methaneseepsis,
Nitrospira sp. KM1,
Brucella sp. JSBI001,
Roseovarius mucosus,
Gluconobacter frateurii,
Candidatus Sneabacter namystus,
Alcaligenes ammonioxydans,
Gallionella capsiferriformans,
Campylobacter showae,
Pseudoalteromonas spongiae,
Xenorhabdus budapestensis,Mesophilic
Pseudomonas sp. BIGb0427,Mesophilic
Pseudomonas sp. PP3,Mesophilic
Vibrio ostreae,
Halovenus salina,
Halobaculum roseum,
Haloterrigena sp. DT87,
Halovivax ruber,
Candidatus Aquiluna sp. UB-MaderosW2red,
Glutamicibacter mysorens,
Micrococcus sp. SL257,
Bacillus gobiensis,
Brevibacillus sp. HD3.3A,
Liquorilactobacillus nagelii,
Clostridium tagluense,Mesophilic
Sarcina sp. JB2,
Peptoniphilus sp. SAHP1,
Spirosoma montaniterrae,
Hymenobacter sp. 5516J-16,
Hymenobacter sp. BT18,
Flavivirga eckloniae,
Myroides profundi,
Mucilaginibacter gotjawali,
Synechococcus sp. KORDI-52,
Paremcibacter congregatus,
Brucella sp. 6810,
Microvirga roseola,
Bradyrhizobium sp. 172,
Komagataeibacter oboediens,
Novosphingobium terrae,
Sphingomonas paeninsulae,
Janthinobacterium sp. B9-8,
Sulfurovum sp. XGS-02,
Sulfurimonas sp. HSL-3221,
Nitrosophilus labii,
Thalassomonas viridans,
Escherichia sp. E4742,Mesophilic
Klebsiella huaxiensis,Mesophilic
Pantoea alhagi,Mesophilic
Providencia sp. 21OH12SH02B-Prov,Mesophilic
Candidatus Ruthia magnifica,
Halomonas sp. KO116,
Pseudomonas arsenicoxydans,Mesophilic
Pseudomonas qingdaonensis,Mesophilic
Pseudomonas sichuanensis,Mesophilic
Pseudomonas sp. B21-051,Mesophilic
Pseudomonas sp. SK3(2021),Mesophilic
Pseudomonas sp. SW-3,Mesophilic
Francisella philomiragia,
Vibrio mangrovi,
Actinotignum schaalii,
Pseudoclavibacter sp. Marseille-Q3772,
Arthrobacter sp. J3.49,
Corynebacterium epidermidicanis,
Anoxybacillus kamchatkensis,
Sporosarcina sp. Marseille-Q4943,
Sporolactobacillus terrae,
Lactobacillus gasseri,
Clostridium novyi,Mesophilic
Clostridium tetani,Mesophilic
Alistipes megaguti,
Maribellus comscasis,
Arcticibacterium luteifluviistationis,
Pukyongia salina,
Chryseobacterium oryzae,
Dehalococcoides mccartyi,
Gimesia fumaroli,
Brucella sp. 09RB8910,
Bradyrhizobium sp. LCT2,
Ruegeria sp. TM1040,
Sulfitobacter sp. W027,
Burkholderia sp. NRF60-BP8,
Pandoraea sp. XJJ-1,
Candidatus Nitrotoga sp. AM1P,
Psychrodesulfovibrio sp. FT415,
Alkalimarinus sp. A2M4,
Oceanicoccus sagamiensis,
Yersinia kristensenii,Mesophilic
Pseudomonas sp. FGI182,Mesophilic
Pseudomonas sp. R3-18-08,Mesophilic
Leishmania braziliensis,
Dictyostelium discoideum,
Sugiyamaella lignohabitans,
Haloprofundus salilacus,
Halobaculum rubrum,
Natrinema sp. DC36,
Flaviflexus equikiangi,
Parascardovia denticolens,
Corynebacterium aurimucosum,
Corynebacterium cystitidis,
Tumebacillus algifaecis,
Halobacillus halophilus,
Mesobacillus sp. S13,
Peribacillus muralis,
Peribacillus psychrosaccharolyticus,
Aneurinibacillus sp. XH2,
Granulicatella elegans,
Coprococcus catus,
Faecalibacterium sp. I3-3-33,
Ruminococcus albus,
Turicibacter bilis,
Aquimarina sp. ERC-38,
Formosa agariphila,
Gramella flava,
Chryseobacterium paludis,
Kaistella flava (ex Peng et al. 2021),
Brevundimonas sp. 'scallop',
Acetobacter vaccinii,
Aquisediminimonas profunda,
Polynucleobacter sp. MWH-UH25E,
Massilia sp. MB5,
Geotalea uraniireducens,
Pseudoalteromonas piscicida,
Shewanella livingstonensis,
Klebsiella michiganensis,Mesophilic
Tatumella citrea,Mesophilic
Haemophilus parahaemolyticus,
Pseudomonas sp. LG1E9,Mesophilic
Pseudomonas sp. Seg1,Mesophilic
Pseudomonas sp. bs2935,Mesophilic
Stutzerimonas chloritidismutans,
Vibrio taketomensis,
Plasmodium vivax,
Leishmania panamensis,
Lachancea thermotolerans,
Halorubrum sp. PV6,
Methanoculleus bourgensis,
Methanosarcina barkeri,
Glutamicibacter sp. ZJUTW,
Mycobacteroides salmoniphilum,Mesophilic
Macrococcus canis,
Streptococcus lutetiensis,
Clostridium argentinense,Mesophilic
Paeniclostridium sordellii,
Thermosediminibacter oceani,
Alistipes ihumii,
Fulvivirga sp. W9P-11,
Lutibacter sp. A80,
Maribacter sp. HL-LV01,
Psychroflexus torquis,
Tenacibaculum mesophilum,
Kaistella daneshvariae,
Saprospira sp. CCB-QB6,
Pedobacter sp. HDW13,
Pelolinea submarina,
Fusobacterium gastrosuis,
Bythopirellula goksoeyrii,
Rhizobium sp. NIBRBAC000502774,
Pseudovibrio brasiliensis,
Kordiimonas sp. SCSIO 12603,
Erythrobacter aureus,
Qipengyuania xiapuensis,
Limnohabitans sp. 63ED37-2,
Aeromonas sp. FDAARGOS 1415,
Colwellia psychrerythraea,
Rheinheimera mangrovi,
Raoultella planticola,Mesophilic
Edwardsiella sp. LADL05-105,Mesophilic
Pectobacterium punjabense,Mesophilic
Acinetobacter schindleri,
Spartinivicinus ruber,
Pseudomonas sp. 02C 26,Mesophilic
Pseudomonas sp. MYb193,Mesophilic
Photobacterium damselae,
Vibrio casei,
Penicillium oxalicum,Mesophilic
Mycobacterium phage Enkosi,
Halapricum salinum,
Salinarchaeum laminariae,
Actinomyces sp. HMT 175,
Streptomyces sp. CA-256286,Mesophilic
Brevibacterium sp. JSBI002,
Corynebacterium crudilactis,
Mycobacterium lepromatosis,
Mycobacterium shottsii,
Rhodococcus sp. WB9,
Halobacillus sp. SSBR10-3,
Lysinibacillus sp. ACHW1.5,
Virgibacillus sp. Bac330,
Staphylococcus xylosus,
Paraflavitalea soli,
Cellulophaga sp. HaHaR_3_176,
Formosa sediminum,
Calothrix sp. PCC 7716,
Sneathiella marina,
Ralstonia syzygii,
Desulfosudis oleivorans,
Poseidonibacter lekithochrous,
Aeromonas bestiarum,
Paraglaciecola mesophila,
Pragia fontium,Mesophilic
Cronobacter universalis,Mesophilic
Acinetobacter sp. ASP199,
Acinetobacter variabilis,
Pseudomonas prosekii,Mesophilic
Pseudomonas sp. HD6515,Mesophilic
Vibrio azureus,
Vibrio penaeicida,
Methylacidiphilum infernorum,
Plasmodium relictum,
Fusarium verticillioides,Mesophilic
Halorhabdus utahensis,
Halobacterium sp. XZYJT26,
Natronorubrum aibiense,
Alloacidobacterium dinghuense,
Bifidobacterium lemurum,
Paeniglutamicibacter sp. Y32M11,
Corynebacterium endometrii,
Mycolicibacterium nivoides,
Bacillus tequilensis,
Mangrovibacillus cuniculi,
Staphylococcus pseudintermedius,
Lacticaseibacillus paracasei,
Clostridium cellulovorans,Mesophilic
Clostridium thermarum,Mesophilic
Desulfitobacterium dichloroeliminans,
Roseburia intestinalis,
Moorella sp. Hama-1,
Mahella australiensis,
Zhaonella formicivorans,
Bacteroides faecis,Mesophilic
Bacteroides sp. HF-162,Mesophilic
Hymenobacter sp. 5413J-13,
Chlorobaculum sp. MV4-Y,
Ktedonosporobacter rubrisoli,
Synechococcus sp. BMK-MC-1,
Tuwongella immobilis,
Gimesia benthica,
Brevundimonas sp. BT-123,
Brucella inopinata,
Hyphomonas sp. Mor2,
Burkholderia sp. MS389,
Aeromonas sanarellii,
Catenovulum sediminis,
Halothiobacillus neapolitanus,
Halomonas sp. R57-5,
Litorivicinus lipolyticus,
Pseudomonas luteola,Mesophilic
Pseudomonas sp. 3-2,Mesophilic
Pseudomonas sp. B21-028,Mesophilic
Pseudomonas sp. R11-23-07,Mesophilic
Pseudomonas sp. RC3H12,Mesophilic
Vibrio sp. B1FLJ16,
Leptospira mayottensis,
Haloarcula sp. JP-L23,
Halococcus dombrowskii,
Halovivax sp. CGA30,
Schaalia turicensis,
Pseudarthrobacter sp. NIBRBAC000502771,
[Mycobacterium] stephanolepidis,Mesophilic
Paenibacillus brasilensis,
Clostridium cadaveris,Mesophilic
Desulfosporosinus meridiei,
Miniphocaeibacter halophilus,
Bacteroides helcogenes,Mesophilic
Cellulophaga lytica,
Mucilaginibacter daejeonensis,
Anaerolinea thermophila,
Anthocerotibacter panamensis,
Synechococcus sp. CB0101,
Synechococcus sp. JA-3-3Ab,
Mariniblastus fucicola,
Aminobacter niigataensis,
Sulfitobacter sp. W074,
Parasphingorhabdus cellanae,
Caballeronia sp. SBC2,
Vitreoscilla stercoraria,
Desulforapulum autotrophicum,
Oceanisphaera avium,
Agarivorans sp. TSD2052,
Leclercia sp. J807,Mesophilic
Mixta intestinalis,Mesophilic
Methylovulum psychrotolerans,
Acinetobacter vivianii,
Psychrobacter sp. KH172YL61,
Halomonas venusta,
Bermanella marisrubri,
Haemophilus pittmaniae,
Pseudomonas sp. SC3(2021),Mesophilic
Thiothrix winogradskyi,
Vibrio echinoideorum,
Vibrio navarrensis,
Saliphagus sp. WLHSJ1,
Methanocella paludicola,
Pontimonas salivibrio,
Corynebacterium gerontici,
Nakamurella antarctica,
Berryella wangjianweii,
Sporosarcina sp. PTS2304,
Enterococcus casseliflavus,
Lactobacillus helveticus,
Acidaminococcus fermentans,
Ezakiella coagulans,
Muribaculum intestinale,
Alistipes finegoldii,
Alkalitalea saponilacus,
Algoriphagus machipongonensis,
Olleya aquimaris,
Salegentibacter mishustinae,
Mucilaginibacter xinganensis,
Pedobacter ginsengisoli,
Microcystis aeruginosa,
Leptothermofonsia sichuanensis,
Synechococcus sp. CC9902,
Celeribacter marinus,
Qipengyuania psychrotolerans,
Pseudodesulfovibrio tunisiensis,
Aeromonas sp. ASNIH1,
Alteromonas sp. 009811495,
Parashewanella tropica,
Rahnella sp. ERMR1:05,Mesophilic
Serratia fonticola,Mesophilic
Serratia nematodiphila,Mesophilic
Kangiella geojedonensis,
Pseudomonas bijieensis,Mesophilic
Vibrio sp. SCSIO 43137,
Micavibrio aeruginosavorus,
Cyanidioschyzon merolae,
Aspergillus flavus,
Puccinia striiformis,
Ostreococcus sp. 'lucimarinus',
Metallosphaera hakonensis,
Natranaeroarchaeum sulfidigenes,
Streptomyces sp. PLM4,Mesophilic
Arthrobacter sp. StoSoilB13,
Corynebacterium ihumii,
Corynebacterium lujinxingii,
Rhodococcus sp. YL-1,
Denitrobacterium detoxificans,
Alicyclobacillus acidoterrestris,
Halobacillus sp. SSTM10-2,
Lysinibacillus sp. GJ-1,
Metabacillus endolithicus,
Rummeliibacillus stabekisii,
Macrococcus caseolyticus,
Aerococcus viridans,
Streptococcus thermophilus,
Christensenella minuta,
Desulfoscipio gibsoniae,
Paraprevotella xylaniphila,
Salinivirga cyanobacteriivorans,
Echinicola sp. 20G,
Hymenobacter sp. S2-20-2,
Antarcticibacterium flavum,
Lacinutrix sp. HL-RS19,
Winogradskyella sp. J14-2,
Chryseobacterium salivictor,
Chryseobacterium sp. G0162,
Synechococcus sp. RS9909,
Synechococcus sp. WH 8020,
Thermus scotoductus,Thermophilic
Limihaloglobus sulfuriphilus,
Bradyrhizobium sp. TM102,
Burkholderia diffusa,
Burkholderia mallei,
Curvibacter sp. AEP1-3,
Ferrovum myxofaciens,
Paralysiella testudinis,
Desulfococcus multivorans,
Desulfovibrio sp. 86,
Salidesulfovibrio onnuriiensis,
Pseudoalteromonas luteoviolacea,
Pseudoalteromonas sp. A25,
Aequoribacter fuscus,
Nitrosococcus oceani,
Leminorella richardii,Mesophilic
Citrobacter braakii,Mesophilic
Kosakonia pseudosacchari,Mesophilic
Leclercia sp. Colony189,Mesophilic
Edwardsiella ictaluri,Mesophilic
Providencia heimbachae,Mesophilic
Pseudomonas congelans,Mesophilic
Pseudomonas rhizophila,Mesophilic
Pseudomonas sp. HS-18,Mesophilic
Pseudomonas sp. R2-37-08W,Mesophilic
Pseudomonas sp. S35,Mesophilic
Salinispira pacifica,
Torulaspora delbrueckii,
Fusarium musae,Mesophilic
Actinomyces pacaensis,
Rhodococcus sp. GA1,
Alkalihalobacillus sp. LMS6,
Bacillus sp. Cs-700,
Virgibacillus sp. 6R,
Streptococcus halotolerans,
Ndongobacter massiliensis,
Parabacteroides merdae,Mesophilic
Abyssalbus ytuae,
Capnocytophaga sp. H4358,
Myroides odoratus,
Candidatus Bipolaricaulis anaerobius,
Paracholeplasma brassicae,
Parasedimentitalea marina,
Leisingera sp. M527,
Zymomonas mobilis,
Alcaligenes sp. NLF5-7,
Burkholderia sp. EMB26,
Cupriavidus sp. ISTL7,
Thalassotalea sp. LPB0316,
Shewanella chilikensis,
Shewanella sp. MR-4,
Enterobacter mori,Mesophilic
Kosakonia sacchari,Mesophilic
Duffyella gerundensis,Mesophilic
Chania multitudinisentens,Mesophilic
Serratia odorifera,Mesophilic
Pseudomonas cedrina,Mesophilic
Pseudomonas sp. GR 6-02,Mesophilic
Pseudomonas sp. N3-W,Mesophilic
Stenotrophomonas sp. G4,
Xanthomonas sp. MLO165,
Aspergillus luchuensis,
Haloplanus rallus,
Edaphobacter sp. 12200R-103,
Brevibacterium sp. 'Marine',
Arthrobacter sp. StoSoilA2,
Rhodococcus sp. NJ-530,
Planococcus antarcticus,
Lactobacillus delbrueckii,
Clostridium felsineum,Mesophilic
Flintibacter sp. KGMB00164,
[Clostridium] hylemonae,
Selenomonas ruminantium,
Phocaeicola salanitronis,
Gramella sp. MAR_2010_147,
Maribacter dokdonensis,
Mucilaginibacter mali,
Pedobacter mucosus,
Chlorobium limicola,
[Phormidium] sp. ETS-05,
Roseivivax sp. THAF197b,
Ruegeria sp. AD91A,
Altererythrobacter ishigakiensis,
Burkholderia aenigmatica,
Kingella oralis,
Candidatus Methylopumilus turicensis,
Dissulfurimicrobium hydrothermale,
Aeromonas rivipollensis,
Shewanella sp. NFH-SH190041,
Methylomonas sp. DH-1,
Aquirhabdus parva,
Halomonas sp. hl-4,
Mannheimia varigena,
Pseudomonas allokribbensis,Mesophilic
Pseudomonas sp. R4-34-07,Mesophilic
Pseudomonas sp. R4-39-08,Mesophilic
Photobacterium sp. GJ3,
Mariprofundus ferrinatatus,
Haladaptatus halobius,
Corynebacterium amycolatum,
Corynebacterium incognita,
Rhodococcus sp. PSBB049,
Sporosarcina sp. P37,
Staphylococcus kloosii,
Leuconostoc pseudomesenteroides,
Pediococcus acidilactici,
Clostridium cochlearium,Mesophilic
Oceanirhabdus sp. W0125-5,
Desulfitobacterium dehalogenans,
Caproicibacter fermentans,
Selenomonas sp. oral taxon 920,
Bacteroides zhangwenhongii,Mesophilic
Spirosoma sp. KCTC 72228,
Muricauda aurantiaca,
Chryseobacterium suipulveris,
Synechococcus sp. A15-44,
Deinococcus sp. QL22,
Mariniplasma anaerobium,
Bradyrhizobium sp. NC92,
Agrobacterium sp. S7/73,
Rhizobium hidalgonense,
Hyphococcus flavus,
Phaeobacter porticola,
Haematospirillum jordaniae,
Erythrobacter sp. SCSIO 43205,
Sphingosinicella flava,
Polynucleobacter sp. MG-Unter2-18,
Desulfatibacillum aliphaticivorans,
Desulfomarina profundi,
Aeromonas sp. CU5,
Aeromonas sp. WP2-W18-CRE-05,
Pseudoalteromonas carrageenovora,
Shewanella carassii,
Lonsdalea britannica,Mesophilic
Ewingella americana,Mesophilic
Yersinia intermedia,Mesophilic
Cobetia amphilecti,
Gynuella sunshinyii,
Pseudomonas laurylsulfatiphila,Mesophilic
Pseudomonas sp. B21-032,Mesophilic
Thiosulfativibrio zosterae,
Talaromyces rugulosus,
Halorussus sp. XZYJ18,
Arcanobacterium haemolyticum,
Bifidobacterium pseudocatenulatum,
Streptomyces sp. S1D4-14,Mesophilic
Devriesea agamarum,
Olsenella uli,
Alicyclobacillus mengziensis,
Butyrivibrio fibrisolvens,
Syntrophothermus lipocalidus,Thermophilic
Anoxybacter fermentans,
Turicibacter sp. H121,
Peptoniphilus ivorii,
Prevotella bryantii,
Spirosoma aerolatum,
Gilvibacter sp. SZ-19,
Nostoc edaphicum,
Leptolyngbya sp. NIES-3755,
Synechococcus sp. JA-2-3B'a(2-13),
Gimesia algae,
Brucella sp. BTU1,
Delftia sp. HK171,
Variovorax sp. PMC12,
Neisseria musculi,
Nitrosospira multiformis,
Idiomarina piscisalsi,
Suttonella sp. R2A3,
Cedecea sp. FDAARGOS_727,Mesophilic
Acinetobacter sp. NCu2D-2,
Acinetobacter venetianus,
Marinomonas posidonica,
Pseudomonas maumuensis,Mesophilic
Pseudomonas mucidolens,Mesophilic
Pseudomonas sp. B111,Mesophilic
Pseudomonas sp. B21-041,Mesophilic
Pseudomonas sp. IT P374,Mesophilic
Pseudomonas sp. Tri1,Mesophilic
Pseudomonas tensinigenes,Mesophilic
Thiothrix unzii,
Aspergillus fumigatus,Thermophilic
Halomicroarcula sp. YSSS71,
Halovivax sp. AGai3-5,
Natrinema salinisoli,
Fictibacillus phosphorivorans,
Mammaliicoccus lentus,
Staphylococcus simiae,
Lacticaseibacillus sp. KACC 23028,
Streptococcus mitis,
Streptococcus oralis,
Anaerocolumna cellulosilytica,
Blautia sp. NBRC 113351,
Blautia wexlerae,
Marvinbryantia formatexigens,
Porphyromonas gingivalis,
Pseudoprevotella muciniphila,
Parabacteroides faecis,Mesophilic
Synechocystis sp. CACIAM 05,
Deinococcus puniceus,
Acidithiobacillus ferrivorans,
Rhizobium grahamii,
Roseovarius sp. THAF27,
Rhodoferax aquaticus,
Neisseria shayeganii,
Campylobacter jejuni,
Thalassotalea sp. PS06,
Mixta sp. X22927,Mesophilic
Arsenophonus nasoniae,Mesophilic
Marinomonas sp. FW-1,
Actinobacillus indolicus,
Pseudomonas germanica,Mesophilic
Pseudomonas salmasensis,Mesophilic
Pseudomonas sp. 13159349,Mesophilic
Pseudomonas sp. B21-047,Mesophilic
Photobacterium sp. CCB-ST2H9,
Vibrio tapetis,
Plasmodium cynomolgi,
Natronomonas gomsonensis,
Schaalia meyeri,
Scardovia inopinata,
Corynebacterium lactis,
Corynebacterium poyangense,
Bacillus rugosus,
Salicibibacter cibarius,
Brochothrix thermosphacta,
Aneurinibacillus sp. B1,
Paenibacillus kribbensis,
Paenisporosarcina cavernae,
Sporosarcina psychrophila,
Salinicoccus halodurans,
Staphylococcus simulans,
Streptococcus pasteurianus,
Desulfosporosinus youngiae,
Acetobacterium wieringae,
Emergencia timonensis,
Pusillibacter faecalis,
Desulforamulus ruminis,
Romboutsia ilealis,
Chitinophaga agri,
Dyadobacter sp. LJ419,
Polaribacter sp. KT25b,
Polaribacter sp. L3A8,
Rasiella rasia,
Winogradskyella sediminis,
Chryseobacterium sp. SNU WT5,
Kaistella sp. GW4-15,
Candidatus Minimicrobia vallesae,
Gimesia alba,
Sulfitobacter sp. SK011,
Neisseria brasiliensis,
Neisseria elongata,
Paraglaciecola sp. L1A13,
Shewanella benthica,
Citrobacter sp. R56,Mesophilic
Cronobacter sakazakii,Mesophilic
Candidatus Erwinia haradaeae,Mesophilic
Providencia vermicola,Mesophilic
Yersinia enterocolitica,Mesophilic
Methylotuvimicrobium buryatense,
Halomonas sp. ZZQ-149,
Aggregatibacter sp. Marseille-P9115,
Pseudomonas sp. DTU12.3,Mesophilic
Vibrio mimicus,
Vibrio quintilis,
Stenotrophomonas sp. ASS1,
Stenotrophomonas sp. SXG-1,
Jonquetella anthropi,
Cercospora beticola,
Haladaptatus sp. ZJ1,
Halolamina sp. CBA1230,
Winkia neuii,
Corynebacterium genitalium,
Corynebacterium kalinowskii,
Corynebacterium singulare,
Atopobium sp. oral taxon 416,
Effusibacillus dendaii,
Alkalihalobacillus lehensis,
Aneurinibacillus soli,
Planococcus halocryophilus,
Staphylococcus arlettae,
Staphylococcus felis,
Kroppenstedtia pulmonis,
Dolosigranulum pigrum,
Lactococcus cremoris,
Clostridium sp. JN-9,Mesophilic
Megasphaera massiliensis,
Phocaeicola vulgatus,
Draconibacterium orientale,
Cardinium endosymbiont of Oedothorax gibbosus,
Lacinutrix sp. WUR7,
Pedobacter roseus,
Synechococcus sp. BIOS-E4-1,
Synechococcus sp. PCC 7336,
Leptotrichia wadei,
Sulfitobacter sp. SK012,
Anaplasma phagocytophilum,
Parasphingorhabdus halotolerans,
Neisseria animalis,
Rugosibacter aromaticivorans,
Paraglaciecola psychrophila,
Pseudoalteromonas rhizosphaerae,
Pseudoalteromonas sp. APM04,
Shewanella avicenniae,
Shewanella indica,
Shewanella xiamenensis,
Citrobacter farmeri,Mesophilic
Pseudocitrobacter corydidari,Mesophilic
Raoultella terrigena,Mesophilic
Serratia sp. 1D1416,Mesophilic
Marinomonas primoryensis,
Pseudomonas canavaninivorans,Mesophilic
Pseudomonas sp. A2,Mesophilic
Pseudomonas sp. NIBRBAC000502773,Mesophilic
Leptospira kirschneri,
Spirochaeta africana,
Halanaeroarchaeum sp. HSR-CO,
Halosolutus gelatinilyticus,
Natrinema versiforme,
Rothia terrae,
Alkalihalobacillus sp. DSM 23008,
Bacillus mojavensis,
Planococcus donghaensis,
Staphylococcus condimenti,
Latilactobacillus sakei,
Dehalobacter sp. CF,
Anaerobutyricum hallii,
Vallitalea guaymasensis,
Thermoanaerobacter sp. RKWS2,
Amedibacterium intestinale,
Ferruginibacter albus,
Nibribacter ruber,
Capnocytophaga sp. H2931,
Croceibacter atlanticus,
Nonlabens spongiae,
Olleya sp. Bg11-27,
Tenacibaculum singaporense,
Apibacter sp. ESL0432,
Kaistella carnis,
Mucilaginibacter sp. 21P,
Acaryochloris marina,
Synechococcus sp. CBW1006,
Tichowtungia aerotolerans,
Gimesia aquarii,
Acidithiobacillus ferriphilus,
Sulfitobacter sp. SK025,
Sphingopyxis sp. GC21,
Burkholderia sp. PAMC 28687,
Oxalobacter aliiformigenes,
Undibacterium sp. KW1,
Sutterella wadsworthensis,
Buttiauxella ferragutiae,Mesophilic
Lonsdalea populi,Mesophilic
Legionella sp. MW5194,
Legionella spiritensis,
Acinetobacter radioresistens,
Mannheimia bovis,
Pseudomonas alvandae,Mesophilic
Pseudomonas avellanae,Mesophilic
Pseudomonas sp. ArH3a,Mesophilic
Pseudomonas sp. DR 5-09,Mesophilic
Cycloclasticus zancles,
Methylophaga frappieri,
Vibrio europaeus,
Vibrio sp. SCSIO 43132,
Stenotrophomonas sp. SBJS02,
Bdellovibrio sp. NC01,
Borrelia miyamotoi,
Fulvia fulva,
Salarchaeum sp. JOR-1,
Methanosarcina flavescens,
Methanosarcina mazei,
Corynebacterium resistens,
Coriobacterium glomerans,
Bacillus cabrialesii,
Bacillus sp. LJBS17,
Bacillus sp. SB49,
Rossellomorea sp. KS-H15a,
Exiguobacterium aurantiacum,
Paenibacillus sp. M-152,
Planococcus kocurii,
Jeotgalibaca sp. PTS2502,
Lacticaseibacillus casei,
Lactobacillus amylovorus,
Levilactobacillus zymae,
Ligilactobacillus salivarius,
Anaerocolumna sedimenticola,
Acutalibacter muris,
Dehalobacterium formicoaceticum,
Bacteroides xylanisolvens,Mesophilic
Chitinophaga sp. R8,
Winogradskyella helgolandensis,
Chryseobacterium balustinum,
Chryseobacterium daecheongense,
Chryseobacterium sp. StRB126,
Chloroflexus aggregans,
Poriferisphaera corsica,
Asticcacaulis sp. SL142,
Bartonella choladocola,
Methylobacterium sp. OT2,
Lentilitoribacter sp. Alg239-R112,
Profundibacter amoris,
Sulfitobacter sp. M368,
Sulfitobacter sp. S223,
Burkholderia pseudomultivorans,
Neisseria mucosa,
Neisseria sp. ZJ106,
Candidatus Nitrotoga arctica,
Desulfobacca acetoxidans,
Pseudoalteromonas tunicata,
Shewanella sp. FJAT-53681,
Enterobacter bugandensis,Mesophilic
Kosakonia arachidis,Mesophilic
Arsenophonus endosymbiont of Aphis craccivora,Mesophilic
Serratia quinivorans,Mesophilic
Methylomonas sp. LW13,
Acinetobacter haemolyticus,
Oleiphilus messinensis,
Reinekea forsetii,
Pseudomonas silesiensis,Mesophilic
Pseudomonas sp. LTGT-11-2Z,Mesophilic
Pseudomonas sp. Z003-0.4C(8344-21),Mesophilic
Piscirickettsia salmonis,
Vibrio tubiashii,
Brettanomyces nanus,
Cryptococcus gattii VGI,
Halorientalis sp. IM1011,
Natrinema pallidum,
Actinobaculum sp. 313,
Schaalia radingae,
Micrococcus yunnanensis,
Corynebacterium hindlerae,
Corynebacterium sp. NML98-0116,
Rhodococcus sp. DMF-1,
Prauserella muralis,
Exiguobacterium antarcticum,
Planococcus faecalis,
Planococcus versutus,
Carnobacterium sp. 17-4,
Desulfitobacterium metallireducens,
[Ruminococcus] torques,
Natranaerofaba carboxydovora,
Thermoanaerobacterium sp. RBIITD,
Faecalibaculum rodentium,
Bacteroides faecium,Mesophilic
Flavobacterium sp. N502540,
Candidatus Karelsulcia muelleri,
Chryseobacterium sp. G0201,
Synechococcus sp. LTW-R,
Brucella sp. 10RB9215,
Brucella sp. HL-2,
Candidatus Pelagibacter sp. RS39,
Leisingera sp. M523,
Ruegeria conchae,
Formicincola oecophyllae,
Undibacterium sp. YM2,
Chromobacterium sp. Beijing,
Aeromonas sp. FDAARGOS 1417,
Oceanisphaera profunda,
Salinimonas lutimaris,
Enterobacter sp. JBIWA005,Mesophilic
Serratia grimesii,Mesophilic
Serratia sp. FS14,Mesophilic
Neptunomonas japonica,
Pseudomonas sp. SDM007,Mesophilic
Pseudomonas syringae group genomosp. 3,Mesophilic
Pseudomonas thivervalensis,Mesophilic
Vibrio sp. sp1,
Vibrio zhugei,
Halobacteriovorax marinus,
Leishmania infantum,
Cuniculiplasma divulgatum,
Methanofollis formosanus,
Rhodoluna lacicola,
Salimicrobium jeotgali,
Listeria ivanovii,
Paenibacillus kyungheensis,
Paenibacillus sp. 37,
Paenibacillus sp. FSL H7-0737,
Paenibacillus sp. S25,
Macrococcus armenti,
Secundilactobacillus paracollinoides,
Crassaminicella sp. 143-21,
Desulfosporosinus orientis,
Lacrimispora saccharolytica,
Bacteroides intestinalis,Mesophilic
Bacteroides sp. D2,Mesophilic
Butyricimonas virosa,
Arachidicoccus sp. B3-10,
Bernardetia litoralis,
Arenibacter algicola,
Capnocytophaga sp. oral taxon 902,
Zobellia galactanivorans,
Chlorobaculum parvum,
Prosthecochloris sp. HL-130-GSB,
Nostoc commune,
Nostoc piscinale,
Phormidium yuhuli,
Synechococcus elongatus,
Deinococcus radiophilus,
Endomicrobium proavitum,
Spiroplasma gladiatoris,
Sulfitobacter pontiacus,
Parasaccharibacter sp. TMW 2.1888,
Wolbachia endosymbiont of Drosophila pseudotakahashii,
Desulfonema magnum,
Nitratifractor salsuginis,
Sulfurovum indicum,
Pseudoalteromonas phenolica,
Parashewanella spongiae,
Citrobacter koseri,Mesophilic
Cronobacter condimenti,Mesophilic
Dickeya poaceiphila,Mesophilic
Rouxiella chamberiensis,Mesophilic
Serratia entomophila,Mesophilic
Yersinia hibernica,Mesophilic
Gallaecimonas mangrovi,
Marinomonas foliarum,
Avibacterium paragallinarum,
Pseudomonas sp. ACM7,Mesophilic
Pseudomonas sp. B21-054,Mesophilic
Pseudomonas sp. SK,Mesophilic
Thiosulfatimonas sediminis,
Leptospira interrogans,
Leptospira noguchii,
Treponema socranskii,
Plasmodium knowlesi,
Halorussus sp. XZYJT40,
Haloplanus sp. HW8-1,
Natrinema pellirubrum,
Methanofollis liminatans,
Bifidobacterium eulemuris,
Corynebacterium lizhenjunii,
Bacillus sp. N1-1,
Clostridium sp. 'deep sea',Mesophilic
Aegicerativicinus sediminis,
Cellulophaga omnivescoria,
Changchengzhania lutea,
Nonlabens tegetincola,
Chryseobacterium lactis,
Chryseobacterium oranimense,
Chryseobacterium sp. PCH239,
Mucilaginibacter ginkgonis,
Mucilaginibacter mallensis,
Geminocystis sp. NIES-3709,
Iodobacter fluviatilis,
Shewanella aestuarii,
Shewanella sp. FJAT-53749,
Klebsiella grimontii,Mesophilic
Pseudescherichia vulneris,Mesophilic
Raoultella sp. HC6,Mesophilic
Shigella dysenteriae,Mesophilic
Erwinia sp. QL-Z3,Mesophilic
Mixta gaviniae,Mesophilic
Proteus sp. ZN5,Mesophilic
Yersinia rohdei,Mesophilic
Endozoicomonas montiporae,
Marinomonas arctica,
Pseudomonas sp. HS6,Mesophilic
Pseudomonas sp. LH1G9,Mesophilic
Pseudomonas sp. OST1909,Mesophilic
Vibrio anguillarum,
Vibrio pomeroyi,
Bdellovibrio sp. KM01,
Borrelia maritima,
Phaeodactylum tricornutum,
Lederbergvirus Sf6,
Halorhabdus sp. CBA1104,
Natronobacterium gregoryi,
Corynebacterium minutissimum,
Eggerthella sp. YY7918,
Chthonomonas calidirosea,
Paenibacillus sp. E222,
Mammaliicoccus stepanovicii,
Staphylococcus saprophyticus,
Enterococcus gallinarum,
Enterococcus hirae,
Vagococcus carniphilus,
Alkaliphilus sp. B6464,
Crassaminicella thermophila,
Desulfosporosinus acidiphilus,
Alkalibacter rhizosphaerae,
Butyrivibrio proteoclasticus,
Enterocloster bolteae,
Petrocella atlantisensis,
Koleobacter methoxysyntrophicus,
Veillonella parvula,
Murdochiella vaginalis,
Lutibacter profundi,
Muricauda sp. SCSIO 65647,
Polaribacter litorisediminis,
Chryseobacterium piperi,
Aureispira sp. EL160426,
Solitalea sp. S2-8,
Thermus sp. NEB1569,Thermophilic
Gluconobacter sphaericus,
Kingella potus,
Neisseria macacae,
Desulfovibrio sp. G11,
Syntrophus aciditrophicus,
Shewanella psychropiezotolerans,
Raoultella electrica,Mesophilic
Hafnia paralvei,Mesophilic
Pectobacterium parmentieri,Mesophilic
Rahnella victoriana,Mesophilic
Yersinia entomophaga,Mesophilic
Yersinia frederiksenii,Mesophilic
Methylotuvimicrobium alcaliphilum,
Moraxella bovis,
Moraxella nonliquefaciens,
Frischella perrara,
Glaesserella sp. 15-184,
Marinobacter sp. BSs20148,
Pseudomonas sp. IB20,Mesophilic
Methylophaga pinxianii,
Vibrio aerogenes,
Vibrio algicola,
Vibrio gazogenes,
Sediminispirochaeta smaragdinae,
Thalassiosira pseudonana,
Tetrapisispora phaffii,
Halobacterium sp. BOL4-2,
Salarchaeum japonicum,
Halogeometricum borinquense,
Halovivax cerinus,
Methanothermobacter thermautotrophicus,
Conexivisphaera calida,
Varibaculum prostatecancerukia,
Microbacterium sp. AISO3,
Arthrobacter sp. NicSoilB11,
Bacillus sp. BC1-43,
Gemella haemolysans,
Brevibacillus formosus,
Jeotgalicoccus sp. ATCC 8456,
Staphylococcus haemolyticus,
Staphylococcus pettenkoferi,
Staphylococcus sp. IVB6238,
Carnobacterium inhibens,
Streptococcus cristatus,
Geosporobacter ferrireducens,
Anaerostipes caccae,
Anaerostipes hadrus,
Peptacetobacter hiranonis,
Carboxydothermus hydrogenoformans,Thermophilic
Methylomusa anaerophila,
Dialister succinatiphilus,
Bizionia sp. M204,
Chryseobacterium sp. D764,
Chryseobacterium sp. MEBOG06,
Elizabethkingia meningoseptica,
Saprospira grandis,
Tolypothrix sp. PCC 7910,
Tolypothrix tenuis,
Synechococcus sp. PROS-7-1,
Haploplasma axanthum,
Octadecabacter antarcticus,
Acetobacter senegalensis,
Polynucleobacter corsicus,
Delftia sp. Cs1-4,
Paradesulfovibrio bizertensis,
Pseudodesulfovibrio sp. zrk46,
Campylobacter coli,
Campylobacter insulaenigrae,
Wolinella succinogenes,
Shewanella amazonensis,
Shewanella sp. FJAT-54031,
Nitrosococcus halophilus,
Nitrosococcus wardiae,
Cronobacter muytjensii,Mesophilic
Kosakonia radicincitans,Mesophilic
Kangiella koreensis,
Acinetobacter bouvetii,
Marinomonas profundi,
Pseudomonas hamedanensis,Mesophilic
Pseudomonas simiae,Mesophilic
Pseudomonas sp. HN11,Mesophilic
Allofrancisella inopinata,
Halobacteriovorax sp. BALOs_7,
Pandoravirus salinus,
Natronomonas moolapensis,
Mobiluncus curtisii,
Bifidobacterium angulatum,
Bifidobacterium catenulatum,
Glutamicibacter sp. M10,
Corynebacterium propinquum,
Lawsonella clevelandensis,
Mycobacterium haemophilum,
Alicyclobacillus dauci,
Exiguobacterium sp. AT1b,
Exiguobacterium sp. ZWU0009,
Macrococcus equipercicus,
Nosocomiicoccus ampullae,
Carnobacterium divergens,
Marinilactibacillus sp. 15R,
Latilactobacillus curvatus,
Ligilactobacillus ruminis,
Streptococcus intermedius,
Streptococcus salivarius,
Caloramator sp. Dgby_cultured_2,
Clostridium drakei,Mesophilic
Clostridium sp. JN-1,Mesophilic
Paraclostridium bifermentans,
Blautia obeum,
Lachnoclostridium phytofermentans,
Lachnoclostridium sp. YL32,
[Ruminococcus] gnavus,
Romboutsia sp. CE17,
Vallitalea pronyensis,
Bacteroides nordii,Mesophilic
Bacteroides zoogleoformans,Mesophilic
Prevotella melaninogenica,
Flammeovirga sp. MY04,
Hymenobacter sp. NBH84,
Dokdonia donghaensis,
Formosa sp. Hel3_A1_48,
Tamlana carrageenivorans,
Coprothermobacter proteolyticus,
Limnospira fusiformis,
Synechococcus sp. BIOS-U3-1,
Synechococcus sp. NOUM97013,
Mycoplasmopsis gallinacea,
Telmatocola sphagniphila,
Octadecabacter arcticus,
Ehrlichia ruminantium,
Burkholderia arboris,
Vitreoscilla massiliensis,
Agarivorans aestuarii,
Thalassomonas haliotis,
Pseudoalteromonas sp. SM9913,
Shewanella sp. SNU WT4,
Enterobacter huaxiensis,Mesophilic
Erwinia tasmaniensis,Mesophilic
[Pantoea] beijingensis,Mesophilic
Obesumbacterium proteus,Mesophilic
Serratia sp. ATCC 39006,Mesophilic
Serratia sp. FDAARGOS_506,Mesophilic
Aquicella siphonis,
Neptunomonas concharum,
Pasteurella canis,
Pseudomonas sp. B21-031,Mesophilic
Allofrancisella guangzhouensis,
Photobacterium ganghwense,
Vibrio neptunius,
Vibrio scophthalmi,
Borreliella burgdorferi,
Sphaerochaeta globosa,
Trypanosoma brucei,
Halorussus halophilus,
Haloferax volcanii,
Candidatus Nitrosopumilus sp. SW,
Rhodococcus sp. P-2,
Alicyclobacillus sp. TC,
Bacillus inaquosorum,
Bacillus sp. LJBS06,
Bacillus wiedmannii,
Listeria welshimeri,
Planococcus rifietoensis,
Abyssicoccus albus,
Staphylococcus nepalensis,
Alkaliphilus metalliredigens,
Caloramator sp. mosi_1,
Clostridium acetobutylicum,Mesophilic
Desulfitobacterium hafniense,
Eubacterium ventriosum,
Ruminiclostridium herbifermentans,
Acididesulfobacillus acetoxydans,
Desulfofarcimen acetoxidans,
Caldicellulosiruptor obsidiansis,
Bacteroides coprosuis,Mesophilic
Duncaniella dubosii,
Butyricimonas faecalis,
Aquimarina sp. Aq107,
Gramella echinicola,
Polaribacter haliotis,
Kaistella sp. 97-N-M2,
Chlorobium phaeovibrioides,
Brevefilum fermentans,
Chroococcidiopsis sp. CCMEE 29,
Leptodesmis sichuanensis,
Bartonella apihabitans,
Methylorubrum sp. GM97,
Ciceribacter selenitireducens,
Sinorhizobium sp. M14,
Sulfitobacter sp. CB2047,
Thalassobius gelatinovorus,
Acetobacter ghanensis,
Burkholderia sp. LAS2,
Eikenella exigua,
Neisseria lactamica,
Methylophilus methylotrophus,
Nitrosospira lacus,
Colwellia sp. 20A7,
Thalassotalea sp. HSM 43,
Moritella marina,
Pseudoalteromonas arabiensis,
Tatumella ptyseos,Mesophilic
Providencia stuartii,Mesophilic
Celerinatantimonas diazotrophica,
Legionella lytica,
Acinetobacter junii,
Psychrobacter cryohalolentis,
Marinobacterium sp. LSUCC0821,
Pseudomonas kielensis,Mesophilic
Pseudomonas pergaminensis,Mesophilic
Pseudomonas soli,Mesophilic
Pseudomonas sp. DR208,Mesophilic
Pseudomonas sp. TKP,Mesophilic
Francisella frigiditurris,
Vibrio bathopelagicus,
Vibrio cyclitrophicus,
Thermanaerovibrio velox,
Tetrapisispora blattae,
Fusarium oxysporum,Mesophilic
Montyvirus monty,
Corynebacterium aquilae,
Corynebacterium camporealensis,
Corynebacterium choanae,
Corynebacterium pseudogenitalium,
Mycobacterium pseudoshottsii,
Pseudonocardia alaniniphila,
Exiguobacterium sp. MH3,
Exiguobacterium sp. N4-1P,
Staphylococcus auricularis,
Carnobacterium maltaromaticum,
Enterococcus cecorum,
Enterococcus thailandicus,
Vagococcus xieshaowenii,
Lactobacillus johnsonii,
Limosilactobacillus reuteri,
Streptococcus alactolyticus,
Streptococcus anginosus,
Eubacterium hominis,
Eubacterium sp. c-25,
Candidatus Formimonas warabiya,
Thermincola potens,
Veillonella rogosae,
Parvimonas micra,
Phocaeicola dorei,
Prevotella corporis,
Prevotella denticola,
Leeuwenhoekiella sp. ZYFB001,
Lutibacter sp. A64,
Polaribacter sp. R2A056_3_33,
Salinimicrobium sp. HN-2-9-2,
Richelia sinica,
Synechococcus sp. PROS-9-1,
Fibrobacter succinogenes,
Fusobacterium pseudoperiodonticum,
Bartonella sp. HY038,
Brucella microti,
Bradyrhizobium sp. 131,
Shinella sp. B3.7,
Acetobacter persici,
Terasakiella sp. SH-1,
Rickettsia endosymbiont of Ceutorhynchus assimilis,
Sneathiella aquimaris,
Polynucleobacter difficilis,
Neisseria dentiae,
Uruburuella suis,
Aliarcobacter lanthieri,
Aeromonas sp. FDAARGOS 1411,
Lacimicrobium alkaliphilum,
Pseudoalteromonas piratica,
Shewanella sp. FJAT-52076,
Sodalis glossinidius,Mesophilic
Buttiauxella sp. WJP83,Mesophilic
Kluyvera intermedia,Mesophilic
Yokenella regensburgei,Mesophilic
Erwinia rhapontici,Mesophilic
Pantoea eucrina,Mesophilic
Acinetobacter septicus,
Acinetobacter sp. F9,
Psychrobacter sp. DAB_AL43B,
Pseudomonas asgharzadehiana,Mesophilic
Pseudomonas gozinkensis,Mesophilic
Pseudomonas lini,Mesophilic
Pseudomonas sp. UW4,Mesophilic
Pseudomonas sp. YeP6b,Mesophilic
Thiothrix subterranea,
Photobacterium swingsii,
Photobacterium toruni,
Vibrio spartinae,
Thermotoga caldifontis,
Halohasta litchfieldiae,
Haloterrigena daqingensis,
Methanothrix harundinacea,
Aquiluna sp. KACHI24,
Corynebacterium callunae,
Corynebacterium pseudopelargi,
Corynebacterium sp. L2-79-05,
Exiguobacterium sp. Helios,
Rummeliibacillus sp. G93,
Staphylococcus gallinarum,
Aerococcus sanguinicola,
Aerococcus urinae,
Granulicatella adiacens,
Lactobacillus paragasseri,
Streptococcus pantholopis,
Clostridium aceticum,Mesophilic
Anaerotignum propionicum,
Lacrimispora xylanolytica,
Ruminococcus champanellensis,
Megamonas funiformis,
Flammeovirga kamogawensis,
Algibacter sp. L3A6,
Nonlabens sp. MB-3u-79,
Polaribacter sp. AHE13PA,
Zunongwangia sp. HGR-M22,
Chryseobacterium sp. CY350,
Chryseobacterium sp. PET-29,
Mucilaginibacter sp. KACC 22773,
Geminocystis herdmanii,
Planktothrix agardhii,
Parasynechococcus marenigrum,
Ignavibacterium album,
Mesomycoplasma bovoculi,
Candidatus Puniceispirillum marinum,
endosymbiont of Acanthamoeba sp. UWC8,
Mesorhizobium sp. NBIMC_P2-C4,
Leisingera sp. NJS201,
Acetobacter oryzoeni,
Swingsia samuiensis,
Polynucleobacter sp. TSB-Sco08W16,
Oxalobacter formigenes,
Methyloradius palustris,
Methylotenera versatilis,
Maridesulfovibrio salexigens,
Campylobacter curvus,
Campylobacter mucosalis,
Campylobacter novaezeelandiae,
Sulfurimonas denitrificans,
Alteromonas sp. RKMC-009,
Pseudoalteromonas prydzensis,
Shewanella sp. FJAT-51860,
Citrobacter sedlakii,Mesophilic
Phytobacter ursingii,Mesophilic
Erwinia amylovora,Mesophilic
Pectobacterium cacticida,Mesophilic
Pectobacterium sp. F1-1,Mesophilic
Yersinia massiliensis,Mesophilic
Coxiella endosymbiont of Dermacentor marginatus,
Legionella anisa,
Acinetobacter sp. BHS4,
Acinetobacter towneri,
Endozoicomonas sp. 4G,
Pseudomonas sp. B21-010,Mesophilic
Grimontia sp. 020920N,
Vibrio gangliei,
Metallibacterium scheffleri,
Thermosulfurimonas marina,
Plasmodium berghei,
Plasmodium falciparum,
Debaryomyces hansenii,
Yarrowia lipolytica,
Schizosaccharomyces pombe,
Fusarium pseudograminearum,Mesophilic
Haloprofundus salinisoli,
Haloprofundus sp. MHR1,
Schaalia sp. ZJ405,
Bifidobacterium dentium,
Corynebacterium phocae,
Mycobacterium ulcerans,
Rhodococcus sp. 21391,
Thermocrinis minervae,
Bacillus sp. ZY-1-1,
Bacillus zhangzhouensis,
Exiguobacterium sibiricum,
Tetragenococcus osmophilus,
Pediococcus pentosaceus,
Lactococcus raffinolactis,
Streptococcus gwangjuense,
Streptococcus pluranimalium,
Clostridium sp. CF011,Mesophilic
Thermanaerosceptrum fracticalcis,
Halobacteroides halobius,
Caldanaerobacter subterraneus,
Thermoanaerobacter sp. X514,
Tepidanaerobacter acetatoxydans,
[Clostridium] innocuum,
Phascolarctobacterium faecium,
Sporomusa termitida,
Gudongella oleilytica,
Porphyromonas crevioricanis,
Pontibacter pudoricolor,
Capnocytophaga haemolytica,
Capnocytophaga leadbetteri,
Polaribacter batillariae,
Polaribacter cellanae,
Elizabethkingia miricola,
Epilithonimonas zeae,
Calothrix sp. NIES-2100,
Cylindrospermum stagnale,
Arthrospira platensis,
Synechocystis sp. PCC 6714,
Synechococcus sp. PROS-U-1,
Thermostichus lividus,
Leptospirillum sp. Group II 'CF-1',
Pseudemcibacter aquimaris,
Octadecabacter temperatus,
Taylorella equigenitalis,
Neisseria arctica,
Neisseria gonorrhoeae,
Sulfuriferula nivalis,
Syntrophotalea acetylenivorans,
Aeromonas sp. ASNIH2,
Aeromonas sp. FDAARGOS 1402,
Aeromonas sp. FDAARGOS 1410,
Pseudoalteromonas aliena,
Pseudoalteromonas sp. M8,
Rheinheimera sp. MM224,
Buttiauxella agrestis,Mesophilic
Citrobacter freundii complex sp. CFNIH2,Mesophilic
Erwinia pyrifoliae,Mesophilic
Edwardsiella sp. EA181011,Mesophilic
Yersinia alsatica,Mesophilic
Legionella geestiana,
Methylobacter sp. S3L5C,
Acinetobacter lanii,
Acinetobacter sp. 10FS3-1,
Gallibacterium anatis,
Pseudomonas fitomaticsae,Mesophilic
Pseudomonas sp. St290,Mesophilic
Pseudomonas vancouverensis,Mesophilic
Thaumasiovibrio subtropicus,
Bdellovibrio reynosensis,
Treponema sp. OMZ 838,
Plasmodium gaboni,
Kazachstania naganishii,
Halorussus pelagicus,
Methanosphaera stadtmanae,
Boudabousia tangfeifanii,
Candidatus Planktophila dulcis,
Corynebacterium macginleyi,
Corynebacterium mustelae,
Thermovibrio ammonificans,
Gemella sp. zg-570,
Listeria newyorkensis,
Macrococcus brunensis,
Staphylococcus lloydii,
Staphylococcus saccharolyticus,
Jeotgalibaca dankookensis,
Enterococcus raffinosus,
Ligilactobacillus agilis,
Streptococcus pneumoniae,
Alkaliphilus oremlandii,
Clostridium tyrobutyricum,Mesophilic
Hathewaya histolytica,
Roseburia sp. NSJ-69,
Faecalibacterium sp. I4-1-79,
Alkalicella caledoniensis,
Erysipelothrix rhusiopathiae,
Faecalibacillus intestinalis,
Paludibacter propionicigenes,
Labilibaculum antarcticum,
Capnocytophaga sp. oral taxon 323,
Lacinutrix venerupis,
Pedobacter sp. KBS0701,
Candidatus Dehalogenimonas etheniformans,
Nostoc sp. 'Peltigera membranacea cyanobiont' N6,
Microcoleus vaginatus,
Thermosynechococcus vestitus,
Synechococcus sp. LA31,
Thermus caldilimi,Thermophilic
Acidithiobacillus thiooxidans,
Bartonella tribocorum,
Brucella sp. BO2,
Sulfitobacter sp. D7,
Sphingomonas sp. A1,
Sphingorhabdus lutea,
Aquella oligotrophica,
Kingella kingae,
Candidatus Methylopumilus planktonicus,
Desulfobacter hydrogenophilus,
Dongshaea marina,
Flocculibacter collagenilyticus,
Pseudoalteromonas ruthenica,
Pseudoalteromonas sp. Xi13,
Pseudoalteromonas undina,
Psychrosphaera ytuae,
Psychromonas ingrahamii,
Shewanella inventionis,
Shewanella marisflavi,
Shewanella sp. FJAT-53555,
Cedecea lapagei,Mesophilic
Enterobacter sp. YSU,Mesophilic
Symbiopectobacterium purcellii,Mesophilic
Erwinia sp. INIA-01,Mesophilic
Dickeya parazeae,Mesophilic
Yersinia similis,Mesophilic
Psychrobacter urativorans,
Alcanivorax borkumensis,
Cobetia sp. ICG0124,
Gilliamella sp. ESL0443,
Pseudomonas cichorii,Mesophilic
Pseudomonas ogarae,Mesophilic
Beggiatoa leptomitoformis,
Photobacterium gaetbulicola,
Vibrio ponticus,
Vibrio tasmaniensis,
Leptospira kmetyi,
Thiospirochaeta perfilievii,
Acetomicrobium mobile,
Zygotorulaspora mrakii,
Fusarium fujikuroi,Mesophilic
Halomicroarcula sp. DT1,
Halanaeroarchaeum sulfurireducens,
Arcanobacterium buesumense,
Aurantimicrobium photophilum,
Rhodoluna limnophila,
Corynebacterium accolens,
Pseudonocardia oceani,
Bacillus luti,
Listeria weihenstephanensis,
Mammaliicoccus vitulinus,
Enterococcus avium,
Apilactobacillus kunkeei,
Lacticaseibacillus zeae,
Lactiplantibacillus paraplantarum,
Lactiplantibacillus pentosus,
Lactobacillus iners,
Clostridium carboxidivorans,Mesophilic
Anaerostipes rhamnosivorans,
[Ruminococcus] lactaris,
Clostridioides sp. ES-S-0010-02,
Iocasia fonsfrigidae,
Gottschalkia acidurici,
Finegoldia magna,
Ezakiella massiliensis,
Maribacter sp. 1_2014MBL_MicDiv,
Pedobacter sp. BS3,
Sphingobacterium sp. B29,
Calothrix sp. PCC 6303,
Oscillatoria nigro-viridis,
Leptolyngbya boryana,
Acaryochloris sp. 'Moss Beach',
Synechococcus sp. HK01-R,
Synechococcus sp. MEDNS5,
Synechococcus sp. NB0720_010,
Lentisphaera profundi,
Mycoplasma crocodyli,
Brucella sp. 09RB8471,
Rhizobium sp. B230/85,
Advenella sp. S44,
Neisseria weixii,
Sulfurospirillum barnesii,
Aeromonas sp. FDAARGOS 1405,
Alteromonas sp. BL110,
Ferrimonas lipolytica,
Pseudoalteromonas shioyasakiensis,
Pseudoalteromonas sp. PS1M3,
Pseudoalteromonas sp. SCSIO 43088,
Shewanella yunxiaonensis,
Kluyvera genomosp. 3,Mesophilic
Leclercia sp. 29361,Mesophilic
Candidatus Steffania adelgidicola,
Acinetobacter sp. SH20PTE14,
Gilliamella sp. ESL0441,
Basfia succiniciproducens,
Pseudomonas sp. J380,Mesophilic
Francisella uliginis,
Photobacterium sp. GSS17,
Vibrio metschnikovii,
Vibrio rarus,
Vibrio rhizosphaerae,
Bdellovibrio sp. ZAP7,
Fluviispira sanaruensis,
Brachyspira hyodysenteriae,
Treponema medium,
Thermotoga petrophila,
Candida albicans,
Candida orthopsilosis,
Saccharomyces paradoxus,
Cryptococcus neoformans,
Haloarcula sinaiiensis,
Haloferax mediterranei,
Haloterrigena sp. BND6,
Arcanobacterium pinnipediorum,
Bifidobacterium imperatoris,
Aquiluna borgnonia,
Corynebacterium argentoratense,
Vaginimicrobium propionicum,
Cryptobacterium curtum,
Bacillus sp. WP8,
Exiguobacterium marinum,
Staphylococcus hyicus,
Staphylococcus lugdunensis,
Staphylococcus ratti,
Suicoccus acidiformans,
Enterococcus mundtii,
Melissococcus plutonius,
Vagococcus fluvialis,
Companilactobacillus farciminis,
Limosilactobacillus oris,
Loigolactobacillus backii,
Streptococcus porcinus,
Syntrophobotulus glycolicus,
Eubacterium callanderi,
Mogibacterium diversum,
Coprococcus comes,
Lachnoanaerobaculum umeaense,
Lachnospira eligens,
Faecalibacterium sp. IP-3-29,
Tepidibacter sp. 8C15b,
Syntrophomonas wolfei,
Pelosinus fermentans,
Helcococcus kunzii,
Bacteroides caecimuris,Mesophilic
Proteiniphilum propionicum,
Muribaculum gordoncarteri,
Hoylesella buccalis,
Prevotella oris,
Capnocytophaga sp. oral taxon 864,
Cellulophaga sp. HaHa_2_95,
Chryseobacterium gambrini,
Chryseobacterium sp. LJ668,
Pedobacter cryoconitis,
Calothrix sp. NIES-3974,
Rivularia sp. PCC 7116,
Pseudanabaena sp. PCC 7367,
Synechococcus sp. KORDI-49,
Synechococcus sp. Minos11,
Anaerohalosphaera lusitana,
Gluconobacter thailandicus,
Rickettsia bellii,
Candidatus Profftella armatura,
Limnohabitans sp. 103DPR2,
Deefgea piscis,
Conchiformibius steedae,
Neisseria dumasiana,
Methylotenera mobilis,
Desulfosediminicola flagellatus,
Syntrophotalea carbinolica,
Aeromonas sp. CA23,
Thalassomonas actiniarum,
Pseudoalteromonas sp. SCSIO 43101,
Shewanella piezotolerans,
Candidatus Moranella endobia,Mesophilic
Citrobacter sp. RHBSTW-00570,Mesophilic
Citrobacter werkmanii,Mesophilic
Enterobacter sp. RHBSTW-00175,Mesophilic
Leclercia sp. LSNIH1,Mesophilic
Photorhabdus asymbiotica,Mesophilic
Photorhabdus thracensis,Mesophilic
Serratia sp. FGI94,Mesophilic
Serratia sp. JKS000199,Mesophilic
Serratia symbiotica,Mesophilic
Kangiella profundi,
Acinetobacter larvae,
Acinetobacter sp. LoGeW2-3,
Acinetobacter wanghuae,
Haemophilus haemolyticus,
Entomomonas moraniae,
Pseudomonas iranensis,Mesophilic
Pseudomonas sp. So3.2b,Mesophilic
Vibrio aquimaris,
Vibrio fortis,
Vibrio owensii,
Vibrio sp. THAF190c,
Entomospira culicis,
Aminobacterium colombiense,
Fervidobacterium pennivorans,
Babesia bigemina,
Candida dubliniensis,
Manovirus Mano,
Tandoganvirus A403,
Candidatus Korarchaeum cryptofilum,
Natronomonas pharaonis,
Halocatena sp. DFN5,
Halalkaliarchaeum sp. AArc-CO,
Methanococcoides orientis,
Methanolobus zinderi,
Bifidobacterium saguini,
Candidatus Planktophila sulfonica,
Streptomyces zhihengii,Mesophilic
Arthrobacter sp. J3.37,
Rhodococcus sp. 11-3,
Staphylococcus cohnii,
Staphylococcus schleiferi,
Carnobacterium sp. CS13,
Furfurilactobacillus rossiae,
Lentilactobacillus hilgardii,
Loigolactobacillus coryniformis,
Clostridium sp. SY8519,Mesophilic
Blautia argi,
Faecalicatena sp. Marseille-Q4148,
Wujia chipingensis,
Ruminococcus bovis,
Biomaibacter acetigenes,
Turicibacter sp. TJ11,
Megasphaera hexanoica,
Bacteroides heparinolyticus,Mesophilic
Capnocytophaga endodontalis,
Dokdonia sp. PRO95,
Chryseobacterium faecale,
Chryseobacterium joostei,
Chryseobacterium sp. IHB B 17019,
Chryseobacterium sp. ZHDP1,
Calothrix parasitica,
Nostoc sp. C057,
Pleurocapsa sp. PCC 7327,
Pseudanabaena sp. Chao 1811,
Synechococcus sp. A15-127,
Synechococcus sp. PCC 11901,
Synechococcus sp. PCC 7502,
Mycoplasmopsis columbinasalis,
Brucella sp. BO3,
Roseomonas sp. FDAARGOS_362,
Sphingobium sp. LF-16,
Burkholderia sp. KBS0801,
Diaphorobacter sp. MNS-0,
Neisseria canis,
Candidatus Desulfovibrio trichonymphae,
Arcobacter sp. ARW1-2F2,
Campylobacter sp. RM16192,
Helicobacter bizzozeronii,
Aeromonas allosaccharophila,
Alteromonas sp. MB-3u-76,
Colwellia sp. Arc7-635,
Pseudoalteromonas mariniglutinosa,
Psychrosphaera aestuarii,
Shewanella sediminis,
Shewanella sp. FJAT-53870,
Shewanella woodyi,
Rheinheimera sp. F8,
Jinshanibacter zhutongyuii,Mesophilic
Cronobacter sp. JZ38,Mesophilic
Enterobacter oligotrophicus,Mesophilic
Klebsiella pasteurii,Mesophilic
Kosakonia sp. MUSA4,Mesophilic
Xenorhabdus poinarii,Mesophilic
Serratia sp. CMO1,Mesophilic
Candidatus Coxiella mudrowiae,
Legionella jordanis,
Acinetobacter wuhouensis,
Moraxella ovis,
Psychrobacter arenosus,
Psychrobacter sp. KCTC 72983,
Psychrobacter sp. PraFG1,
Pseudomonas nunensis,Mesophilic
Pseudomonas sp. FDAARGOS_380,Mesophilic
Vibrio crassostreae,
Vibrio ruber,
Vibrio sinaloensis,
Sphaerochaeta associata,
Eracentumvirus era103,
Fishburnevirus brusacoram,
Omegavirus omega,
Geoglobus ahangari,
Methanosphaerula palustris,
Dermatophilus congolensis,
Leptogranulimonas caecicola,
Alkalihalobacillus miscanthi,
Bacillus atrophaeus,
Gemella sanguinis,
Listeria marthii,
Staphylococcus chromogenes,
Staphylococcus roterodami,
Staphylococcus succinus,
Jeotgalibaca sp. MA1X17-3,
Vagococcus teuberi,
Lactobacillus sp. CBA3606,
Levilactobacillus brevis,
Streptococcus oriscaviae,
Fenollaria sporofastidiosus,
Anaerocolumna chitinilytica,
Butyrivibrio crossotus,
[Clostridium] colinum,
Caldicellulosiruptor naganoensis,
Thomasclavelia spiroformis,
Faecalitalea cylindroides,
Peptoniphilus harei,
Sedimentibacter sp. zth1,
Porphyromonas asaccharolytica,
Prevotella sp. E15-22,
Prevotella veroralis,
Polaribacter pectinis,
Polaribacter sp. Hel1_33_78,
Chryseobacterium carnipullorum,
Chryseobacterium sp. CX-624,
Mucilaginibacter sp. 14171R-50,
Candidatus Velamenicoccus archaeovorus,
Rippkaea orientalis,
Dolichospermum heterosporum,
Nostoc sp. TCL240-02,
Nostoc sp. TCL26-01,
Chamaesiphon minutus,
Synechococcus sp. PCC 7002,
Cetobacterium somerae,
Afipia sp. NBIMC_P1-C1,
Ruegeria sp. THAF33,
Neorickettsia sennetsu,
Burkholderia sp. MBR-1,
Burkholderia sp. MS455,
Turicimonas muris,
Neisseria sicca,
Thauera sp. 2A1,
Desulfobacula toluolica,
Desulfosediminicola ganghwensis,
Desulfovibrio subterraneus,
Campylobacter peloridis,
Helicobacter ailurogastricus,
Nitratiruptor sp. SB155-2,
Pseudoalteromonas sp. 3J6,
Candidatus Comchoanobacter bicostacola,
Citrobacter sp. RHB36-C18,Mesophilic
Cronobacter malonaticus,Mesophilic
Klebsiella africana,Mesophilic
Erwinia sp. Ejp617,Mesophilic
Pectobacterium aquaticum,Mesophilic
Bathymodiolus septemdierum thioautotrophic gill symbiont,
Acinetobacter soli,
Actinobacillus delphinicola,
Pseudomonas sp. B14-6,Mesophilic
Pseudomonas sp. ERGC3:05,Mesophilic
Candidatus Thiothrix anitrata,
Grimontia hollisae,
Photobacterium profundum,
Vibrio chagasii,
Vibrio sp. SS-MA-C1-2,
Borreliella mayonii,
Treponema vincentii,
Candidatus Xiphinematobacter sp. Idaho Grape,
Aspergillus oryzae,
Nakaseomyces glabratus,
Bixzunavirus Bxz1,
Tigunavirus TG1,
Candidatus Methanomethylophilus alvus,
Haloarcula taiwanensis,
Halodesulfurarchaeum formicicum,
Haloferax larsenii,
Natribaculum sp. CGA3,
Methanococcus maripaludis,
Thermococcus cleftensis,
Candidatus Nitrososphaera evergladensis,
Gardnerella vaginalis,
Corynebacterium silvaticum,
Corynebacterium sp. FDAARGOS 1242,
Corynebacterium urogenitale,
Desulfurobacterium thermolithotrophum,
Alicyclobacillus sp. SO9,
Geobacillus sp. Y412MC52,Thermophilic
Gemella morbillorum,
Listeria sp. PSOL-1,
Staphylococcus capitis,
Staphylococcus lutrae,
Staphylococcus piscifermentans,
Staphylococcus sp. NRL 22/194,
Enterococcus durans,
Tetragenococcus koreensis,
Levilactobacillus suantsaii,
Ligilactobacillus animalis,
Limosilactobacillus mucosae,
Liquorilactobacillus hordei,
Lactococcus paracarnosus,
Streptococcus constellatus,
Streptococcus rubneri,
Clostridium formicaceticum,Mesophilic
Serpentinicella alkaliphila,
Blautia producta,
Simiaoa sunii,
Caproicibacterium lactatifermentans,
Ruminococcus bicirculans,
Erysipelothrix sp. Poltava,
Prevotella sp. E2-25,
Prevotella sp. Rep29,
Draconibacterium halophilum,
Gramella sp. GC03-9,
Polaribacter sp. Q13,
Polaribacter undariae,
Nodularia spumigena,
Nostoc linckia,
Nostoc punctiforme,
Nostoc sp. MS1,
Nostoc sp. PCC 7524,
Fusobacterium hominis,
Bartonella vinsonii,
Brucella sp. 2280,
Rhizobium sp. CCGE 510,
Hirschia baltica,
Candidatus Pelagibacter ubique,
Burkholderia sp. MSMB617WGS,
Polynucleobacter sp. MWH-Braz-FAM2G,
Desulfomonile tiedjei,
Sulfurospirillum diekertiae,
Nitratiruptor sp. YY09-18,
Agarivorans albus,
Alteromonas pelagimontana,
Thalassotalea crassostreae,
Pseudoalteromonas distincta,
Shewanella donghaensis,
Shewanella sp. MTB7,
Ignatzschineria sp. HR5S32,
Kosakonia oryzendophytica,Mesophilic
Kosakonia sp. ML.JS2a,Mesophilic
Leclercia sp. W17,Mesophilic
Xenorhabdus hominickii,Mesophilic
Candidatus Thioglobus sp. NP1,
Legionella clemsonensis,
Legionella sainthelensi,
Acinetobacter sp. PK01,
Acinetobacter sp. YH12068_T,
Acinetobacter sp. YH12138,
Marinomonas algicola,
Mannheimia granulomatis,
Pseudomonas sp. ATCC 43928,Mesophilic
Pseudomonas sp. St29,Mesophilic
Thiomicrospira aerophila,
Photobacterium sanguinicancri,
Vibrio mediterranei,
Brachyspira pilosicoli,
Borrelia sp. HM,
Pseudothermotoga hypogea,
Theileria annulata,
Cryptosporidium parvum,
Scheffersomyces stipitis,
Brettanomyces bruxellensis,
Ogataea parapolymorpha,
Naumovozyma dairenensis,
Pseudoalteromonas phage C7,
Zicotriavirus ZC08,
Haloarcula hispanica,
Methanohalobium evestigatum,
Thermococcus siculi,
Candidatus Planktophila vernalis,
Aurantimicrobium minutum,
Rothia sp. ZJ932,
Actinomadura sp. ATCC 31491,Thermophilic
Mammaliicoccus sp. Marseille-Q6498,
Staphylococcus edaphicus,
Staphylococcus sp. 17KM0847,
Staphylococcus warneri,
Carnobacterium sp. CP1,
Carnobacterium viridans,
Enterococcus rotai,
Tetragenococcus halophilus,
Vagococcus zengguangii,
Companilactobacillus crustorum,
Lentilactobacillus curieae,
Streptococcus parasuis,
Streptococcus ruminantium,
Clostridium scatologenes,Mesophilic
Clostridium sp. BNL1100,Mesophilic
Acetobacterium sp. KB-1,
Wansuia hejianensis,
Faecalibacterium sp. IP-1-18,
Erysipelothrix inopinata,
Erysipelothrix sp. HDW6A,
Porphyromonas somerae,
Hoylesella enoeca,
Aquirufa lenticrescens,
Emticicia sp. 21SJ11W-3,
Cellulophaga algicola,
Elizabethkingia sp. 2-6,
Prosthecochloris sp. SCSIO W1103,
Gloeothece verrucosa,
Chroococcidiopsis sp. CCNUC1,
Sphaerospermopsis torques-reginae,
Fischerella sp. NIES-3754,
Planktothrix pseudagardhii,
Oscillatoria acuminata,
Synechococcus sp. PCC 8807,
Synechococcus sp. ROS8604,
Ilyobacter polytropus,
Leptotrichia buccalis,
Candidatus Kuenenia stuttgartiensis,
Brucella sp. 2716,
Aeromonas sp. FDAARGOS 1419,
Agarivorans sp. B2Z047,
Saccharobesus litoralis,
Pseudoalteromonas translucida,
Shewanella maritima,
Shewanella psychrophila,
Enterobacter chengduensis,Mesophilic
Enterobacter sp. JUb54,Mesophilic
Pantoea eucalypti,Mesophilic
Hafnia sp. CBA7124,Mesophilic
Providencia rustigianii,Mesophilic
Providencia sp. R33,Mesophilic
Xenorhabdus bovienii,Mesophilic
Pectobacterium odoriferum,Mesophilic
Serratia sp. JSRIV002,Mesophilic
Bathymodiolus thermophilus thioautotrophic gill symbiont,
Coxiella endosymbiont of Amblyomma nuttalli,
Legionella sp. PC1000,
Candidatus Carsonella ruddii,
Pseudomonas extremorientalis,Mesophilic
Pseudomonas lactis,Mesophilic
Pseudomonas sp. AO-1,Mesophilic
Pseudomonas sp. IsoF,Mesophilic
Pseudomonas sp. JY-Q,Mesophilic
Pseudomonas sp. S07E 245,Mesophilic
Thiomicrorhabdus indica,
Vibrio porteresiae,
Vibrio sp. SCSIO 43153,
Vibrio splendidus,
Defluviitoga tunisiensis,
Plasmodium reichenowi,
Plasmodium yoelii,
Pichia kudriavzevii,
Kluyveromyces lactis,
Saccharomycodes ludwigii,
Backyardiganvirus cindaradix,
Pandoravirus neocaledonia,
Methanosphaera sp. BMS,
Methanoregula formicica,
Methanosarcina siciliae,
Thermococcus onnurineus,
Thermococcus sp. 813A4,
Streptomyces sp. F2,Mesophilic
Corynebacterium pseudodiphtheriticum,
Bacillus siamensis,
Bacillus sp. JS,
Listeria seeligeri,
Brevibacillus sp. 7WMA2,
Staphylococcus carnosus,
Staphylococcus pasteuri,
Staphylococcus sp. MI 10-1553,
Enterococcus saigonensis,
Vagococcus coleopterorum,
Companilactobacillus allii,
Fructilactobacillus cliffordii,
Lacticaseibacillus rhamnosus,
Lactobacillus kullabergensis,
Loigolactobacillus bifermentans,
Weissella cibaria,
Weissella paramesenteroides,
Lactococcus garvieae,
Streptococcus troglodytae,
Caloramator sp. E03,
Clostridium diolis,Mesophilic
Clostridium sp. AWRP,Mesophilic
Clostridium sp. C1,Mesophilic
Clostridium sp. M62/1,Mesophilic
Crassaminicella profunda,
Eubacterium sp. MSJ-33,
Heliorestis convoluta,
Anaeropeptidivorans aminofermentans,
Coprococcus eutactus,
Caproicibacterium sp. BJN0003,
Faecalibacterium sp. I2-3-92,
Ruminiclostridium cellulolyticum,
Thermoanaerobacter wiegelii,
Thermoanaerobacterium xylanolyticum,
Longicatena caecimuris,
Phascolarctobacterium succinatutens,
Veillonella sp. S12025-13,
Anaerococcus mediterraneensis,
Prevotella fusca,
Prevotella sp. E13-17,
Chryseobacterium nakagawai,
Chryseobacterium sp. KACC 21268,
Halothece sp. PCC 7418,
Nostoc sp. 'Lobaria pulmonaria (5183) cyanobiont',
Allocoleopsis franciscana,
Planktothrix tepida,
Leptolyngbya sp. PKUAC-SCTA174,
Pseudanabaena sp. ABRG5-3,
Synechococcus sp. KORDI-100,
Synechococcus sp. MVIR-18-1,
Leptotrichia shahii,
Mesoplasma florum,
Mycoplasmopsis caviae,
Mycoplasmopsis citelli,
Bartonella australis,
Paracoccus sp. TK19116,
Acetobacter orientalis,
Neokomagataea tanensis,
Azospirillum sp. 412522,
Anaplasma ovis,
Sphingobium sp. LB126,
Candidatus Vallotia tarda,
Polynucleobacter acidiphobus,
Polynucleobacter ibericus,
Polynucleobacter sp. JS-JIR-5-A7,
Deefgea tanakiae,
Neisseria sp. ZJ785,
Wielerella bovis,
Desulfocapsa sulfexigens,
Lawsonia intracellularis,
Arcobacter peruensis,
Campylobacter corcagiensis,
Sulfuricurvum kujiense,
Agarivorans gilvus,
Alkalimarinus sediminis,
Pseudoalteromonas sp. NC201,
Pseudoalteromonas ulvae,
Shewanella denitrificans,
Shewanella pealeana,
Shewanella seohaensis,
Shewanella vesiculosa,
Blochmannia endosymbiont of Camponotus sp.,Mesophilic
Citrobacter pasteurii,Mesophilic
Enterobacter sp. BIDMC 29,Mesophilic
Proteus hauseri,Mesophilic
Pectobacterium sp. A5351,Mesophilic
Serratia sp. JSRIV001,Mesophilic
Legionella oakridgensis,
Acinetobacter defluvii,
Acinetobacter sp. NEB149,
Acinetobacter sp. Y-23,
Moraxella bovoculi,
Psychrobacter sp. P11F6,
Halomonas sp. GT,
Gilliamella apicola,
Actinobacillus sp. GY-402,
Pseudomonas ficuserectae,Mesophilic
Pseudomonas shirazica,Mesophilic
Pseudomonas sp. B21-053,Mesophilic
Pseudomonas sp. NC02,Mesophilic
Pseudomonas sp. R2-60-08W,Mesophilic
Vibrio astriarenae,
Borreliella garinii,
Sphaerochaeta coccoides,
Caldimicrobium thiodismutans,
Thermodesulfobacterium commune,
Mesotoga infera,
Oceanotoga sp. DSM 15011,
Wotdevirus murinus,
Acidianus sp. HS-5,
Halocatena salina,
Haloplanus salinarum,
Methanofollis aquaemaris,
Bifidobacterium actinocoloniiforme,
Streptomyces lateritius,Mesophilic
Paenarthrobacter nicotinovorans,
Mycolicibacterium sp. P1-18,
Hydrogenobacter sp. T-8,
Thermocrinis ruber,
Bacillus paranthracis,
Geobacillus sp. JS12,Thermophilic
Staphylococcus delphini,
Staphylococcus muscae,
Enterococcus wangshanyuanii,
Bombilactobacillus thymidiniphilus,
Lacticaseibacillus manihotivorans,
Lactobacillus jensenii,
Lentilactobacillus buchneri,
Lentilactobacillus kefiri,
Leuconostoc lactis,
Limosilactobacillus pontis,
Streptococcus gordonii,
Streptococcus merionis,
Clostridium sp. 001,Mesophilic
Clostridium sp. MD294,Mesophilic
Clostridium sp. MF28,Mesophilic
Blautia hansenii,
Novisyntrophococcus fermenticellae,
Peptoclostridium acidaminophilum,
Acetohalobium arabaticum,
Natranaerobius thermophilus,
Caldicellulosiruptor saccharolyticus,
Veillonella atypica,
Flavobacterium sp. KI723T1,
Myroides sp. ZB35,
Chryseobacterium turcicum,
Elizabethkingia bruuniana,
Candidatus Cloacimonas acidaminovorans,
Chlamydiifrater phoenicopteri,
Chlamydiifrater volucris,
Gloeothece citriformis,
Nodularia sphaerocarpa,
Calothrix sp. NIES-2098,
Nostoc sp. NIES-4103,
Nostoc sp. UHCC 0926,
Stanieria cyanosphaera,
Leptolyngbya sp. PCC 7376,
Thermosynechococcus sp. HN-54,
Synechococcus sp. NIES-970,
Synechococcus sp. PCC 7003,
Synechococcus sp. PCC 7117,
Synechococcus sp. RS9907,
Flexistipes sinusarabici,
Dictyoglomus turgidum,
Onion yellows phytoplasma,
Mesomycoplasma neurolyticum,
Candidatus Uabimicrobium amorphum,
Rhizobium sp. TRM95796,
Falsihalocynthiibacter arcticus,
Sulfitobacter sp. B30-2,
Neoehrlichia mikurensis,
Candidatus Fokinia solitaria,
Polynucleobacter arcticus,
Polynucleobacter sp. Adler-ghost,
Chitinibacter fontanus,
Neisseria animaloris,
Neisseria weaveri,
Candidatus Methylopumilus universalis,
Pseudodesulfovibrio piezophilus,
Aliarcobacter cryaerophilus,
Arcobacter ellisii,
Campylobacter geochelonis,
Helicobacter bilis,
Aeromonas sp. FDAARGOS 1409,
Succinivibrio dextrinosolvens,
Alteromonas sp. 76-1,
Alteromonas sp. B31-7,
Glaciecola nitratireducens,
Pseudoalteromonas agarivorans,
Shewanella polaris,
Shewanella sp. FJAT-51754,
Candidatus Profftia sp. (ex Adelges kitamiensis),Mesophilic
Pantoea sp. MSR2,Mesophilic
Xenorhabdus nematophila,Mesophilic
Yersinia bercovieri,Mesophilic
Acinetobacter shaoyimingii,
Acinetobacter sp. CS-2,
Psychrobacter sp. SC65A.3,
Psychrobacter sp. WY6,
Neptunomonas phycophila,
Gilliamella sp. ESL0405,
Aggregatibacter aphrophilus,
Pseudomonas sp. CFSAN084952,Mesophilic
Pseudomonas sp. R1-43-08,Mesophilic
Pseudomonas sp. RU47,Mesophilic
Thiomicrospira cyclica,
Thiomicrospira microaerophila,
Vibrio celticus,
Silvanigrella aquatica,
Breznakiella homolactica,
Pseudothermotoga lettingae,
Plasmodium coatneyi,
Eremothecium cymbalariae,
Torulaspora globosa,
Avocadovirus flagstaff,
Galaxyvirus abidatro,
Johnsonvirus frozen,
Pandoravirus dulcis,
Aeropyrum pernix,
Pyrodictium delaneyi,
Pyrobaculum ferrireducens,
Haloterrigena sp. ZJ2,
Methanomethylovorans hollandica,
Methanosarcina horonobensis,
Methanopyrus kandleri,
Actinomyces sp. zg-332,
Candidatus Planktophila versatilis,
Streptomyces liliiviolaceus,Mesophilic
Cryobacterium sp.,
Mycobacterium sp. IWGMT90018-18076,
Bacillus sp. 3a,
Bacillus xiamenensis,
Geobacillus sp. 610,Thermophilic
Staphylococcus argenteus,
Lacticaseibacillus chiayiensis,
Lactobacillus acidophilus,
Lentilactobacillus parabuchneri,
Ligilactobacillus acidipiscis,
Pediococcus inopinatus,
Weissella coleopterorum,
Lactococcus protaetiae,
Streptococcus canis,
Streptococcus equi,
Streptococcus infantis,
Streptococcus pseudoporcinus,
Streptococcus ratti,
Qiania dongpingensis,
Faecalibacterium sp. HTF-F,
Romboutsia hominis,
Candidatus Contubernalis alkalaceticum,
Candidatus Syntrophocurvum alkaliphilum,
Thermoanaerobacter mathranii,
Caldicellulosiruptor morganii,
Thomasclavelia ramosa,
Allobaculum mucilyticum,
Acidaminococcus intestini,
Pectinatus frisingensis,
Anaerococcus prevotii,
Dysgonomonas sp. HDW5B,
Prevotella jejuni,
Prevotella sp. E9-3,
Prevotella sp. oral taxon 475,
Aquirufa antheringensis,
Cellulophaga sp. HaHa_2_1,
Chryseobacterium cucumeris,
Chryseobacterium sp. MA9,
Sphingobacterium sp. PCS056,
Candidatus Protochlamydia naegleriophila,
Neochlamydia sp. S13,
Parachlamydia acanthamoebae,
Crocosphaera subtropica,
Dolichospermum compactum,
Calothrix brevissima,
Fischerella sp. NIES-4106,
Nostoc sp. C052,
Trichormus azollae,
Stanieria sp. NIES-3757,
Synechococcus sp. A15-62,
Mucispirillum schaedleri,
Fusobacterium necrophorum,
Candidatus Phytoplasma solani,
Spiroplasma sp. TIUS-1,
Spiroplasma taiwanense,
Candidatus Nucleicultrix amoebiphila,
Bartonella elizabethae,
Candidatus Liberibacter asiaticus,
Rhizobium sp. BT-226,
Rhizobium sp. RCAM05350,
Candidatus Endolissoclinum faulkneri,
Mycoavidus sp. HKI,
Polynucleobacter paneuropaeus,
Polynucleobacter sp. AP-Elch-400A-B2,
Comamonas sp. PR12,
Maridesulfovibrio hydrothermalis,
Aliarcobacter trophiarum,
Aeromonas sp. FDAARGOS 1414,
Alteromonas stellipolaris,
Pseudoalteromonas atlantica,
Pseudoalteromonas sp. CF6-2,
Pseudoalteromonas tetraodonis,
Shewanella oneidensis,
Shewanella sp. Arc9-LZ,
Blochmannia endosymbiont of Camponotus (Colobopsis) obliquus,Mesophilic
Citrobacter arsenatis,Mesophilic
Enterobacter soli,Mesophilic
Enterobacter sp. SGAir0187,Mesophilic
Enterobacteriaceae endosymbiont of Plateumaris sericea,Mesophilic
Klebsiella quasivariicola,Mesophilic
Edwardsiella piscicida,Mesophilic
Xenorhabdus doucetiae,Mesophilic
Yersinia aldovae,Mesophilic
Yersinia canariae,Mesophilic
Coxiella-like endosymbiont,
Legionella antarctica,
Legionella sp. PC997,
Acinetobacter sp. Marseille-Q1620,
Acinetobacter sp. XS-4,
Acinetobacter sp. YH16056_T,
Moraxella catarrhalis,
Psychrobacter arcticus,
Halomonas sp. MS1,
Avibacterium sp. 20-132,
Histophilus somni,
Pseudomonas anuradhapurensis,Mesophilic
Pseudomonas sp. HN2,Mesophilic
Pseudomonas sp. SWI7,Mesophilic
Vibrio nigripulchritudo,
Bdellovibrio sp. SKB1291214,
Borreliella valaisiana,
Leadbettera azotonutricia,
Sphaerochaeta pleomorpha,
Treponema peruense,
Treponema phagedenis,
Thermosulfuriphilus ammonigenes,
Tepiditoga spiralis,
Guillardia theta,
Eremothecium sinecaudum,
Kazachstania africana,
Saccharomyces eubayanus,
Akonivirus phedro,
Gaiavirus gaia,
Pandoravirus quercus,
Sulfodiicoccus acidiphilus,
Thermoproteus tenax,
Thermoproteus uzoniensis,
Archaeoglobus profundus,
Haloarcula marismortui,
Natronorubrum bangense,
Methanothrix thermoacetophila,
Thermococcus profundus,
Candidatus Planktophila lacus,
Streptomyces sp. FR1,Mesophilic
Arthrobacter sp.,
Actinoplanes hotanensis,
Bacillus sp. 41-22,
Bacillus sp. COPE52,
Bacillus sp. JNUCC-24,
Macrococcus bohemicus,
Macrococcus epidermidis,
Aerococcus christensenii,
Aerococcus urinaehominis,
Ignavigranum ruoffiae,
Vagococcus penaei,
Companilactobacillus ginsenosidimutans,
Companilactobacillus heilongjiangensis,
Companilactobacillus zhachilii,
Lactobacillus sp. CBA3605,
Leuconostoc mesenteroides,
Ligilactobacillus saerimneri,
Limosilactobacillus frumenti,
Limosilactobacillus portuensis,
Oenococcus oeni,
Weissella jogaejeotgali,
Streptococcus australis,
Streptococcus parasanguinis,
Streptococcus sanguinis,
Aminipila terrae,
Mogibacterium pumilum,
Butyrivibrio hungatei,
Lacrimispora sphenoides,
Pseudobutyrivibrio xylanivorans,
Faecalibacterium sp. I4-3-84,
Fastidiosipila sanguinis,
Monoglobus pectinilyticus,
Acetoanaerobium sticklandii,
Peptostreptococcus sp. CBA3647,
Caldicellulosiruptor diazotrophicus,
Catenibacterium mitsuokai,
Erysipelothrix sp. HDW6C,
Intestinibaculum porci,
Caloranaerobacter azorensis,
Candidatus Azobacteroides pseudotrichonymphae,
Tannerella forsythia,
Polaribacter sp. HaHaR_3_91,
Chryseobacterium capnotolerans,
Cyanobacterium aponinum,
Anabaena cylindrica,
Nostoc sphaeroides,
Thermosynechococcus sp. NK55a,
Deferribacter desulfuricans,
Denitrovibrio acetiphilus,
Sneathia vaginalis,
Spiroplasma corruscae,
Mesomycoplasma ovipneumoniae,
Mycoplasma sp. E35C,
Mycoplasma sp. OR1901,
Mycoplasmopsis agalactiae,
Sedimentisphaera cyanobacteriorum,
Bradyrhizobium sp. CCGUVB23,
Liberibacter crescens,
Acetobacter tropicalis,
Wolbachia endosymbiont (group A) of Bibio marci,
Wolbachia endosymbiont (group A) of Epistrophe grossularia,
Orientia tsutsugamushi,
Sphingomonas sp. LaA6.9,
Sphingomonas sp. MEA3-1,
Polynucleobacter sp. MWH-Spelu-300-X4,
Polynucleobacter sp. UB-Siik-W21,
Polynucleobacter sp. es-EL-1,
Desulfobacter postgatei,
Desulfotalea psychrophila,
Aliarcobacter cibarius,
Halarcobacter ebronensis,
Campylobacter hominis,
Campylobacter lari,
Sulfurospirillum multivorans,
Caminibacter pacificus,
Cognaticolwellia beringensis,
Pseudoalteromonas donghaensis,
Pseudoalteromonas marina,
Pseudoalteromonas sp. SCSIO 43201,
Pseudoalteromonas xiamenensis,
Shewanella bicestrii,
Shewanella sp. LC6,
Shewanella sp. Scap07,
Candidatus Nitrosacidococcus sp. I8,
Candidatus Nitrosoglobus terrae,
Candidatus Annandia pinicola,Mesophilic
Candidatus Blochmannia vicinus,Mesophilic
Enterobacter cloacae complex sp. ECL414,Mesophilic
Kosakonia sp. CCTCC M2018092,Mesophilic
Leclercia sp. G3L,Mesophilic
Pantoea cypripedii,Mesophilic
Proteus sp. NMG38-2,Mesophilic
Pectobacterium polonicum,Mesophilic
Legionella hackeliae,
Acinetobacter chinensis,
Acinetobacter colistiniresistens,
Acinetobacter guillouiae,
Acinetobacter portensis,
Acinetobacter sp. NEB 394,
Acinetobacter sp. SWBY1,
Acinetobacter tandoii,
Psychrobacter sp. P11G5,
Psychrobacter sp. YP14,
Marinomonas sp. A3A,
Otariodibacter oris,
Vespertiliibacter pulmonis,
Pseudomonas sessilinigenes,Mesophilic
Pseudomonas sp. Os17,Mesophilic
Pseudomonas sp. T8,Mesophilic
Pseudomonas zarinae,Mesophilic
Francisella sp. FSC1006,
Francisella sp. Scap27,
Thiomicrorhabdus aquaedulcis,
Vibrio alfacsensis,
Vibrio cidicii,
Vibrio hyugaensis,
Vibrio jasicida,
Vibrio sp. ED002,
Vibrio sp. HDW18,
Vibrio sp. SCSIO 43133,
Vibrio sp. STUT-A11,
Leptospira kobayashii,
Leptospira santarosai,
Athalassotoga saccharophila,
Theileria orientalis,
Naumovozyma castellii,
Acanthamoeba polyphaga mimivirus,
Charlievirus michellemybell,
Farahnazvirus ISF9,
Hapunavirus VP882,
Septimatrevirus kakheti25,
Pepper veinal mottle virus,
Thermosphaera aggregans,
Methanobacterium sp. MZ-A1,
Methanocaldococcus lauensis,
Thermococcus aggregans,
Thermococcus thioreducens,
Arcanobacterium phocae,
Candidatus Nanopelagicus abundans,
Streptomyces sp. F8,Mesophilic
Corynebacterium suranareeae,
Rhodococcus sp. T9N,
Bacillus haynesii,
Bacillus nitratireducens,
Bacillus sp. BD59S,
Bacillus sp. JNUCC-22,
Staphylococcus caprae,
Enterococcus dispar,
Vagococcus sp. G314FT,
Acetilactobacillus jinshanensis,
Lactobacillus intestinalis,
Lactobacillus sp. PV034,
Lentilactobacillus laojiaonis,
Levilactobacillus koreensis,
Limosilactobacillus gastricus,
Liquorilactobacillus mali,
Paucilactobacillus oligofermentans,
Streptococcus chenjunshii,
Streptococcus sp. HN38,
Streptococcus urinalis,
Candidatus Arthromitus sp. SFB-rat-Yit,
Acetobacterium woodii,
Aminipila butyrica,
Coprococcus sp. ART55/1,
Sellimonas intestinalis,
Thermoanaerobacter italicus,
Caldicellulosiruptor acetigenus,
Bulleidia sp. zg-1006,
Tannockella kyphosi,
Turicibacter sanguinis,
Dialister pneumosintes,
Anaerococcus vaginalis,
Prevotella herbatica,
Prevotella histicola,
Prevotella nigrescens,
Prevotella sp. oral taxon 299,
Bergeyella cardium,
Chryseobacterium sp. MEBOG07,
Candidatus Nanosynbacter lyticus,
Gloeomargarita lithophora,
Cylindrospermopsis curvispora,
Dolichospermum flos-aquae,
Sphaerospermopsis kisseleviana,
Calothrix sp. 336/3,
Nostoc sp. UHCC 0702,
Scytonema sp. HK-05,
Halomicronema hongdechloris,
Thermosynechococcus sp. TA-1,
Prochlorococcus sp. MIT 0801,
Synechococcus sp. A15-60,
Synechococcus sp. MIT S9220,
Synechococcus sp. PCC 6312,
Synechococcus sp. SYN20,
Synechococcus sp. TAK9802,
Dictyoglomus thermophilum,
Fusobacterium periodonticum,
Streptobacillus moniliformis,
Mesoplasma lactucae,
Mycoplasmopsis meleagridis,
Malacoplasma penetrans,
Thermodesulfovibrio yellowstonii,
Bartonella clarridgeiae,
Bartonella schoenbuchensis,
Bartonella sp. 1-1C,
Bartonella sp. WD16.2,
Kordiimonas sp. SCSIO 12610,
Leisingera sp. M658,
Parasaccharibacter apium,
Sphingomonas sp. H160509,
Basilea psittacipulmonis,
Pelistega ratti,
Burkholderia sp. MSMB1588,
Polynucleobacter sp. AM-7D1,
Polynucleobacter sp. AP-Ainpum-60-G11,
Polynucleobacter sp. MWH-UH35A,
Polynucleobacter wuianus,
Polaromonas sp. H1N,
Alysiella filiformis,
Kingella denitrificans,
Neisseria zalophi,
Vitreoscilla sp. C1,
Hippea maritima,
Malaciobacter canalis,
Malaciobacter mytili,
Campylobacter ureolyticus,
Aeromonas sp. FDAARGOS 1406,
Pseudoalteromonas espejiana,
Pseudoalteromonas issachenkonii,
Shewanella psychromarinicola,
Shewanella sp. KX20019,
Candidatus Hamiltonella defensa,Mesophilic
Candidatus Profftia lariciata,Mesophilic
Citrobacter sp. RHBSTW-01013,Mesophilic
Enterobacter sp. E76,Mesophilic
Enterobacteriaceae endosymbiont of Donacia piscatrix,Mesophilic
Pantoea sp. SO10,Mesophilic
Moellerella wisconsensis,Mesophilic
Proteus penneri,Mesophilic
Dickeya solani,Mesophilic
Pectobacterium atrosepticum,Mesophilic
Pectobacterium sp. 21LCBS03,Mesophilic
Pectobacterium wasabiae,Mesophilic
Rahnella aceris,Mesophilic
Tatlockia micdadei,
Acinetobacter cumulans,
Psychrobacter sp. G,
Marinomonas sp. CT5,
Aggregatibacter actinomycetemcomitans,
Pasteurella skyensis,
Entomomonas sp. E2T0,
Pseudomonas cerasi,Mesophilic
Pseudomonas glycinae,Mesophilic
Pseudomonas sp. 7-41,Mesophilic
Pseudomonas sp. B21-017,Mesophilic
Pseudomonas sp. BJP69,Mesophilic
Pseudomonas sp. CYM-20-01,Mesophilic
Pseudomonas sp. Lz4W,Mesophilic
Pseudomonas sp. MPFS,Mesophilic
Pseudomonas sp. XWY-1,Mesophilic
Francisella orientalis,
Vibrio atlanticus,
Vibrio breoganii,
Vibrio qinghaiensis,
Vibrio toranzoniae,
Vibrio tritonius,
Oceanispirochaeta crateris,
Treponema parvum,
Thermosipho africanus,
Thermotoga profunda,
Plasmodium chabaudi,
Theileria parva,
Kluyveromyces marxianus,
Heterosigma akashiwo virus 01,
Chiangmaivirus RSF1,
Gustavvirus gustav,
Likavirus caliburn,
Caulobacter virus Karma,
Pseudomonas virus PaMx11,
Pandoravirus inopinatum,
Ignicoccus hospitalis,
Thermofilum pendens,
Haladaptatus pallidirubidus,
Natrinema halophilum,
Methanosarcina sp. MTP4,
Thermococcus aciditolerans,
Thermococcus gammatolerans,
Thermococcus paralvinellae,
Nitrosopumilus oxyclinae,
Thermotomaculum hydrothermale,
Corynebacterium kutscheri,
Rhodococcus sp. BH4,
Lancefieldella parvula,
Collinsella sp. zg1085,
Bacillus sp. FS02,
Bacillus sp. PGP15,
Pseudalkalibacillus hwajinpoensis,
Exiguobacterium sp. PFWT01,
Staphylococcus schweitzeri,
Staphylococcus sp. 11-B-312,
Vagococcus hydrophili,
Vagococcus sp. CY52-2,
Apilactobacillus apinorum,
Bombilactobacillus bombi,
Bombilactobacillus folatiphilus,
Lactobacillus acetotolerans,
Leuconostoc citreum,
Leuconostoc gasicomitatum,
Ligilactobacillus murinus,
Limosilactobacillus vaginalis,
Weissella ceti,
Weissella hellenica,
Floricoccus penangensis,
Streptococcus himalayensis,
Streptococcus macedonicus,
Streptococcus marmotae,
Streptococcus mutans,
Streptococcus parauberis,
Streptococcus sobrinus,
Streptococcus sp. 1643,
Clostridium fermenticellae,Mesophilic
Clostridium ljungdahlii,Mesophilic
Blautia liquoris,
Caldicellulosiruptor changbaiensis,
Caldicellulosiruptor owensensis,
Apibacter sp. B3706,
Chryseobacterium nepalense,
Kaistella antarctica,
Anabaenopsis elenkinii,
Dolichospermum sp. UHCC 0315A,
Synechococcus sp. RS9902,
Thermus sp. PS18,Thermophilic
Fusobacterium mortiferum,
Fusobacterium ulcerans,
Leptotrichia trevisanii,
Sebaldella termitidis,
Spiroplasma citri,
Spiroplasma tabanidicola,
Mycoplasma anserisalpingitidis,
Mycoplasmopsis californica,
Mycoplasmopsis felis,
Mycoplasmopsis maculosa,
Ureaplasma diversum,
Ureaplasma urealyticum,
Metamycoplasma hominis,
Metamycoplasma hyosynoviae,
[Mycoplasma] phocidae,
Dissulfurispira thermophila,
Bartonella bacilliformis,
Bartonella henselae,
Brucella ovis,
Candidatus Pelagibacter sp. IMCC9063,
Aristophania vespae,
Anaplasma centrale,
Ehrlichia chaffeensis,
Candidatus Deianiraea vastatrix,
Neisseria sp. Dent CA1/247,
Snodgrassella alvi,
Pajaroellobacter abortibovis,
Aliarcobacter butzleri,
Arcobacter suis,
Arcobacter venerupis,
Halarcobacter bivalviorum,
Campylobacter hepaticus,
Campylobacter sp. RM8964,
Helicobacter felis,
Helicobacter heilmannii,
Helicobacter sp. NHP19-0012,
Candidatus Sulfurimonas marisnigri,
Sulfurimonas hydrogeniphila,
Sulfurimonas paralvinellae,
Aeromonas sp. 1805,
Aeromonas sp. BC14,
Aeromonas sp. FDAARGOS 1408,
Alteromonas australica,
Moritella sp. 24,
Pseudoalteromonas sp. Bsw20308,
Pseudoalteromonas sp. DL-6,
Shewanella halifaxensis,
Shewanella sp. ANA-3,
Shewanella sp. FJAT-51649,
Shewanella sp. OMA3-2,
Citrobacter sp. BDA59-3,Mesophilic
Citrobacter youngae,Mesophilic
Shigella sonnei,Mesophilic
Pectobacterium polaris,Mesophilic
Serratia surfactantfaciens,Mesophilic
Yersinia pseudotuberculosis,Mesophilic
Isorropodon fossajaponicum symbiont,
Fluoribacter dumoffii,
Legionella israelensis,
Legionella longbeachae,
Acinetobacter seifertii,
Acinetobacter sp. AS23,
Acinetobacter sp. TGL-Y2,
Moraxella sp. ZY201224,
Psychrobacter sp.,
Rodentibacter haemolyticus,
Pseudomonas sp. 09C 129,Mesophilic
Pseudomonas sp. B21-036,Mesophilic
Pseudomonas sp. I3-I5,Mesophilic
Pseudomonas sp. MIL9,Mesophilic
Pseudomonas sp. Y39-6,Mesophilic
Cycloclasticus sp. P1,
Vibrio ishigakensis,
Vibrio neonatus,
Vibrio pelagius,
Vibrio rotiferianus,
Leptospira sp. GIMC2001,
Borreliella afzelii,
Thermodesulfatator indicus,
Petrotoga mobilis,
Fervidobacterium nodosum,
Plasmodium vinckei,
Babesia bovis,
Babesia microti,
Zygosaccharomyces rouxii,
Encephalitozoon intestinalis,
Acadianvirus serendipitous,
Pseudomonas phage Itty13,
Fionnbharthvirus henu3,
Kisquattuordecimvirus KS14,
Rosenblumvirus SCH1,
Inbricusvirus inbricus,
Lincruvirus wenlingense,
Candidatus Prometheoarchaeum syntrophicum,
Ferroplasma acidiphilum,
Acidilobus sp. 7A,
Acidianus ambivalens,
Acidianus brierleyi,
Saccharolobus caldissimus,
Sulfolobus islandicus,
Sulfolobus sp. A20,
Ferroglobus placidus,
Methanobacterium alkalithermotolerans,
Methanobacterium formicicum,
Methanothermus fervidus,Thermophilic
Methanocaldococcus infernus,
Methanocella conradii,
Methanospirillum hungatei,
Methanosarcina vacuolata,
Thermococcus camini,
Thermococcus indicus,
Thermococcus sp. AM4,
Thermococcus sp. P6,
Candidatus Nitrosocosmicus oleophilus,
Corynebacterium kefirresidentii,
Corynebacterium rouxii,
Rhodococcus sp. H-CA8f,
Thermocrinis albus,
Bacillus sp. HBCD-sjtu,
Bacillus sp. LJBV19,
Bacillus sp. MBGLi79,
Paenibacillus sp. KACC 21273,
Staphylococcus sp. IVB6181,
Amylolactobacillus amylophilus,
Apilactobacillus apisilvae,
Apilactobacillus bombintestini,
Companilactobacillus futsaii,
Companilactobacillus paralimentarius,
Limosilactobacillus panis,
Paucilactobacillus hokkaidonensis,
Weissella diestrammenae,
Weissella viridescens,
Lactococcus sp. LG606,
Streptococcus sp. zg-86,
Aminipila luticellarii,
Blautia pseudococcoides,
Halanaerobium hydrogeniformans,
Halanaerobium praevalens,
Caldicellulosiruptor sp. DIB 104C,
Thermodesulfobium acidiphilum,
Allobaculum sp. Allo2,
Coprobacter secundus,
Odoribacter splanchnicus,
Prevotella sp. E13-3,
Blattabacterium sp. DPU,
Dokdonia sp. Dokd-P16,
Myroides sp. A21,
Polaribacter sp. KT 15,
Candidatus Walczuchella monophlebidarum,
Candidatus Chlamydia sanziniae,
Chlamydia crocodili,
Chlamydia pneumoniae,
Anabaenopsis circularis,
Anabaena sp. WA102,
Nostoc sp. ATCC 53789,
Nostoc sp. CENA543,
Synechococcus sp. PCC 73109,
Pseudoleptotrichia goodfellowii,
Williamsoniiplasma luminosum,
Mycoplasma capricolum,
Mycoplasmopsis bovigenitalium,
Mycoplasmopsis glycophila,
Metamycoplasma cloacale,
Candidatus Hydrogenosomobacter endosymbioticus,
Bartonella birtlesii,
Bartonella bovis,
Bartonella taylorii,
Entomobacter blattae,
Candidatus Kinetoplastibacterium oncopeltii,
Candidatus Vallotia lariciata,
Polynucleobacter paludilacus,
Polynucleobacter sp. JS-JIR-II-50,
Polynucleobacter sp. JS-Mosq-20-D10,
Polynucleobacter sp. MWH-S4W17,
Neisseria sp. oral taxon 014,
Simonsiella muelleri,
Aromatoleum buckelii,
Aliarcobacter thereius,
Arcobacter sp. FWKO B,
Malaciobacter pacificus,
Campylobacter canadensis,
Campylobacter lanienae,
Campylobacter sp. RM12651,
Helicobacter cetorum,
Helicobacter hepaticus,
Helicobacter himalayensis,
Helicobacter suis,
Candidatus Sulfurimonas baltica,
Sulfurimonas sp. CVO,
Caminibacter mediatlanticus,
Aeromonas sp. 2692-1,
Litorilituus sediminis,
Pseudoalteromonas sp. KAN5,
Pseudoalteromonas sp. LC2018020214,
Pseudoalteromonas sp. R3,
Shewanella glacialimarina,
Atlantibacter subterranea,Mesophilic
Citrobacter tructae,Mesophilic
Enterobacter cloacae complex sp. ECNIH7,Mesophilic
Enterobacter cloacae complex sp. FDA-CDC-AR_0164,Mesophilic
Enterobacter sp. DNB-S2,Mesophilic
Enterobacter sp. RHBSTW-00994,Mesophilic
Arsenophonus apicola,Mesophilic
Pectobacterium versatile,Mesophilic
Candidatus Fukatsuia symbiotica,Mesophilic
endosymbiont of Pachyrhynchus infernalis,
Candidatus Ruthia endofausta,
Kangiella sediminilitoris,
Coxiella burnetii,
Candidatus Rickettsiella viridis,
Rickettsiella endosymbiont of Dermanyssus gallinae,
Legionella lansingensis,
Acinetobacter sp. ACNIH1,
Acinetobacter sp. MYb10,
Acinetobacter sp. SCLZS86,
Psychrobacter sp. 4Bb,
Psychrobacter sp. P11G3,
Zophobihabitans entericus,
Avibacterium volantium,
Frederiksenia canicola,
[Haemophilus] ducreyi,
Mergibacter septicus,
Pasteurella dagmatis,
Entomomonas asaccharolytica,
Pseudomonas oryziphila,Mesophilic
Pseudomonas sp. ADAK22,Mesophilic
Pseudomonas sp. B21-021,Mesophilic
Allofrancisella frigidaquae,
Cycloclasticus sp. PY97N,
Hydrogenovibrio thermophilus,
Aliivibrio salmonicida,
Salinivibrio costicola,
Salinivibrio sp. YCSC6,
Vibrio artabrorum,
Vibrio gallaecicus,
Vibrio kanaloae,
Vibrio sp. B1FIG11,
Vibrio sp. SCSIO 43135,
Vibrio sp. SCSIO 43136,
Vibrio sp. VB16,
Brachyspira murdochii,
Borrelia hermsii,
Borrelia recurrentis,
Gracilinema caldarium,
Treponema sp. OMZ 305,
Treponema sp. OMZ 787,
Treponema sp. OMZ 788,
Kosmotoga olearia,
Kosmotoga pacifica,
Mesotoga prima,
Methylacidiphilum kamchatkense,
Methylacidiphilum sp. IT5,
Methylacidiphilum sp. IT6,
Paramecium tetraurelia,
Giardia intestinalis,
Anthonyvirus anthony,
Bertelyvirus BL9,
Arthrobacter phage BaileyBlu,
Arthrobacter phage Faja,
Dunaliella viridis virus SI2,
Rhodococcus phage E3,
Donellivirus gee,
Gilesvirus giles,
Keshuvirus keshu,
Arthrobacter phage KeAlii,
Phreappuccinovirus Phrappuccino,
Arthrobacter phage SilentRX,
Gundelvirus Gundel,
Pokkenvirus pokken,
Great Island virus,
Nephila clavipes virus 4,
Thermogladius calderae,
Stygiolobus caldivivus,
Thermofilum adornatum,
Pyrobaculum arsenaticum,
Pyrobaculum neutrophilum,
Methanobacterium subterraneum,
Methanocaldococcus bathoardescens,
Methanococcus aeolicus,
Methanolacinia petrolearia,
Methanoregula boonei,
Methanosalsum zhilinae,
Methanosarcina acetivorans,
Pyrococcus kukulkanii,
Thermococcus eurythermalis,
Thermococcus nautili,
Thermococcus sp. 5-4,
Nanobdella aerobiophila,
Nitrososphaera viennensis,
Candidatus Nitrosopelagicus brevis,
Streptomyces sp. HK1,Mesophilic
Arthrobacter sp. H16F315,
Tropheryma whipplei,
Corynebacterium anserum,
Corynebacterium sp. sy039,
Rhodococcus sp. AQ5-07,
Rhodococcus sp. NS1,
Persephonella marina,
Sulfurihydrogenibium azorense,
Atribacter laminatus,
Bacillus sp. HNR-4,
Bacillus sp. PAMC26543,
Bacillus sp. ZJS3,
Abiotrophia defectiva,
Enterococcus sp. CR-Ec1,
Companilactobacillus pabuli,
Fructilactobacillus hinvesii,
Fructilactobacillus ixorae,
Fructilactobacillus lindneri,
Fructobacillus americanaquae,
Lactobacillus amylolyticus,
Lactobacillus sp. 3B(2020),
Lactobacillus terrae,
Latilactobacillus fuchuensis,
Paucilactobacillus nenjiangensis,
Weissella soli,
Lactococcus allomyrinae,
Lactococcus carnosus,
Lactococcus formosensis,
Lactococcus taiwanensis,
Streptococcus acidominimus,
Streptococcus dysgalactiae,
Streptococcus ilei,
Streptococcus koreensis,
Streptococcus sp. 116-D4,
Streptococcus sp. oral taxon 431,
Streptococcus uberis,
Dehalobacter restrictus,
Erysipelothrix larvae,
Veillonella dispar,
Anaerococcus obesiensis,
Prevotella scopos,
Prevotella sp. E2-28,
Capnocytophaga sp. FDAARGOS_737,
Caldisericum exile,
Chlamydia muridarum,
Simkania negevensis,
Waddlia chondrophila,
Geminocystis sp. NIES-3708,
Cyanobacterium sp. uoEpiScrs1,
Microcystis sp. MC19,
Calothrix sp. PCC 7507,
Nostoc sp. PCC 7107,
Brasilonema sennae,
Crinalium epipsammum,
Synechococcus sp. CC9605,
Synechococcus sp. WH 8109,
Calditerrivibrio nitroreducens,
Fusobacterium varium,
Leptotrichia sp. oral taxon 212,
Leptotrichia sp. oral taxon 847,
Mesoplasma entomophilum,
Spiroplasma clarkii,
Spiroplasma litorale,
Spiroplasma platyhelix,
Spiroplasma poulsonii,
Mesomycoplasma mobile,
Candidatus Mycoplasma haemolamae,
Mycoplasma iguanae,
Mycoplasma sp. Pen4,
Mycoplasma sp. SG1,
Mycoplasma struthionis,
Mycoplasma suis,
Mycoplasmopsis columboralis,
Mycoplasmopsis pulmonis,
Leptospirillum ferriphilum,
Candidatus Cytomitobacter primus,
Candidatus Gromoviella agglomerans,
Bartonella harrusi,
Bartonella krasnovii,
Bartonella machadoae,
Agrobacterium sp. CGMCC 11546,
Candidatus Liberibacter solanacearum,
Candidatus Pelagibacter sp. FZCC0015,
Candidatus Pelagibacter sp. RS40,
Candidatus Fonsibacter ubiquis,
Paracoccus methylutens,
Phaeobacter sp. LSS9,
Wolbachia endosymbiont (group A) of Sphaerophoria taeniata,
Candidatus Phycorickettsia trachydisci,
Candidatus Kinetoplastibacterium sorsogonicusi,
Candidatus Vallotia cooleyia,
Ephemeroptericola cinctiostellae,
Polynucleobacter asymbioticus,
Polynucleobacter duraquae,
Polynucleobacter sp. AP-Kolm-20A-A1,
Polynucleobacter sp. AP-Sving-400A-A2,
Polynucleobacter sp. MG-6-Vaara-E2,
Polynucleobacter tropicus,
Candidatus Ichthyocystis hellenicum,
Alysiella crassa,
Candidatus Methylopumilus rimovensis,
Candidatus Desulfofervidus auxilii,
Arcobacter nitrofigilis,
Halarcobacter anaerophilus,
Malaciobacter halophilus,
Campylobacter helveticus,
Campylobacter sp. RM16187,
Campylobacter sp. RM6914,
Helicobacter enhydrae,
Helicobacter mustelae,
Helicobacter winghamensis,
Sulfurospirillum cavolei,
Sulfurovum sp. HSL1-3,
Sulfurimonas autotrophica,
Sulfurimonas sediminis,
Sulfurimonas sp. H1576,
Pseudoalteromonas sp. THAF3,
Shewanella violacea,
Limnobaculum parvum,Mesophilic
Candidatus Gullanella endobia,Mesophilic
Candidatus Mikella endobia,Mesophilic
Candidatus Schneideria nysicola,Mesophilic
Enterobacter cloacae complex sp. R_G8,Mesophilic
Enterobacter sichuanensis,Mesophilic
Kluyvera sp. CRP,Mesophilic
Kosakonia sp. SMBL-WEM22,Mesophilic
Lelliottia sp. AC1,Mesophilic
Erwinia sp. J780,Mesophilic
Pantoea rwandensis,Mesophilic
Pectobacterium colocasium,Mesophilic
Yersinia mollaretii,Mesophilic
Candidatus Vesicomyosocius sp. SY067_SCS001,
endosymbiont of Euscepes postfasciatus,
Legionella cherrii,
Legionella fallonii,
Acinetobacter oleivorans,
Acinetobacter piscicola,
Acinetobacter sp. ACNIH2,
Acinetobacter sp. YH16040_T,
Psychrobacter sp. AntiMn-1,
Candidatus Portiera aleyrodidarum,
Mannheimia pernigra,
Pasteurella atlantica,
Rodentibacter heylii,
Candidatus Pseudomonas adelgestsugas,Mesophilic
Pseudomonas sp. TMW 2.1634,Mesophilic
Pseudomonas tremae,Mesophilic
Francisella hispaniensis,
Francisella tularensis,
Hydrogenovibrio marinus,
Paraphotobacterium marinum,
Vibrio coralliirubri,
Vibrio japonicus,
Vibrio maritimus,
Vibrio panuliri,
Vibrio paracholerae,
Vibrio plantisponsor,
Vibrio sp. B1REV9,
Vibrio ziniensis,
Brachyspira intermedia,
Thermospira aquatica,
Leptospira tipperaryensis,
Borrelia sp. A-FGy1,
Brucepastera parasyntrophica,
Treponema pallidum,
Treponema pedis,
Treponema sp. Marseille-Q4132,
Treponema sp. OMZ 906,
Thermodesulfobacterium geofontis,
Thermodesulfobacterium sp. TA1,
Thermosipho ferrireducens,
Thermosipho melanesiensis,
Pseudothermotoga thermarum,
Thermotoga sp. 2812B,
Aureococcus anophagefferens virus,
Panine betaherpesvirus 2,
Papiine alphaherpesvirus 2,
Stubburvirus LKA1,
Anayavirus sirphilip,
Geobacillus virus E3,Thermophilic
Pseudomonas phage Lu11,
Eagleeyevirus eagleeye,
Mycobacterium phage KayaCho,
Kamchatkavirus AP45,
Lessievirus bcep22,
Lessievirus bcepil02,
Lessievirus bcepmigl,
Marthavirus piccoletto,
Myradeevirus MyraDee,
Quesadillavirus quesadilla,
Quhwahvirus paschalis,
Pseudomonas phage Epa40,
Pseudomonas phage Kaya,
Zitchvirus zipp,
Tsarbombavirus tsarbomba,
Pseudomonas virus PAE1,
Fur seal faeces associated circular DNA virus,
Peridroma alphabaculovirus,
Beihai mantis shrimp virus 2,
Pacmanvirus A23,
Candidatus Micrarchaeum sp.,
Candidatus Methanomassiliicoccus intestinalis,
Ferroplasma acidarmanus,
Caldisphaera lagunensis,
Acidianus hospitalis,
Saccharolobus solfataricus,
Sulfolobus acidocaldarius,
Sulfuracidifex tepidarius,
Sulfurisphaera tokodaii,
Infirmifilum uzonense,
Vulcanisaeta distributa,
Candidatus Methanoliparum sp. LAM-1,
Methanothermobacter marburgensis,
Methanothermobacter sp. CaT2,
Methanothermobacter sp. KEPCO-1,
Methanothermococcus okinawensis,
Methanothermococcus thermolithotrophicus,
Methanogenium organophilum,
Methanosarcina lacustris,
Methanothrix sp.,
Pyrococcus abyssi,
Pyrococcus yayanosii,
Thermococcus barossii,
Thermococcus guaymasensis,
Thermococcus henrietii,
Thermococcus sp. 2319x1,
Candidatus Nitrosocosmicus hydrocola,
Nitrosopumilus adriaticus,
Arcanobacterium phocisimile,
Bifidobacterium indicum,
Candidatus Nanopelagicus hibericus,
Candidatus Planktophila limnetica,
Carbonactinospora thermoautotrophica,
Streptomyces sp. 14R-10,Mesophilic
Streptomyces sp. WAC00276,Mesophilic
Corynebacterium ulcerans,
Bacillus sp. NP247,
Salinicoccus sp.,
Staphylococcus coagulans,
Staphylococcus debuckii,
Enterococcus innesii,
Fructilactobacillus sanfranciscensis,
Lactobacillus apis,
Lactobacillus crispatus,
Lactobacillus helsingborgensis,
Lactobacillus panisapium,
Lapidilactobacillus dextrinicus,
Leuconostoc carnosum,
Periweissella cryptocerci,
Secundilactobacillus malefermentans,
Streptococcus ferus,
Streptococcus iniae,
Streptococcus lactarius,
Streptococcus respiraculi,
Streptococcus sp. DAT741,
Streptococcus sp. HSISS3,
Streptococcus sp. NPS 308,
Streptococcus sp. oral taxon 061,
endosymbiont 'TC1' of Trimyema compressum,
Caproicibacterium amylolyticum,
Clostridioides sp. ES-S-0054-01,
Erysipelothrix piscisicarius,
Erysipelothrix sp. HDW6B,
Veillonella rodentium,
Candidatus Chromulinivorax destructor,
Porphyromonas endodontalis,
Blattabacterium punctulatus,
Elizabethkingia ursingii,
Candidatus Absconditicoccus praedator,
Chlamydia abortus,
Chlamydia avium,
Chlamydia caviae,
Chlamydia suis,
Candidatus Protochlamydia amoebophila,
Candidatus Rhabdochlamydia porcellionis,
Prosthecochloris sp. SCSIO W1101,
cyanobacterium endosymbiont of Epithemia turgida,
Thermosynechococcus sp. CL-1,
Acaryochloris sp. CCMEE 5410,
Synechococcus sp. CC9311,
Elusimicrobium minutum,
Fusobacterium gonidiaformans,
Leptotrichia sp. oral taxon 218,
Leptotrichia sp. oral taxon 498,
Melioribacter roseus,
Xianfuyuplasma coldseepsis,
Aster yellows witches'-broom phytoplasma,
Candidatus Phytoplasma australiense,
Candidatus Phytoplasma mali,
Entomoplasma melaleucae,
Mesoplasma syrphidae,
Williamsoniiplasma somnilux,
Spiroplasma alleghenense,
Spiroplasma apis,
Spiroplasma culicicola,
Spiroplasma diminutum,
Spiroplasma floricola,
Spiroplasma melliferum,
Spiroplasma monobiae,
Spiroplasma phoeniceum,
Spiroplasma sp. BIUS-1,
Mesomycoplasma conjunctivae,
Mycoplasma feriruminatoris,
Mycoplasma haemocanis,
Mycoplasma miroungirhinis,
Mycoplasma nasistruthionis,
Mycoplasma putrefaciens,
Mycoplasma sp. 1654_15,
Mycoplasmopsis canis,
Mycoplasmopsis phocirhinis,
Ureaplasma parvum,
Metamycoplasma anseris,
Metamycoplasma phocicerebrale,
Mycoplasmoides pneumoniae,
Malacoplasma iowae,
Bartonella alsatica,
Bartonella kosoyi,
Bartonella quintana,
Candidatus Pelagibacter sp. HIMB1321,
Limimaricola hongkongensis,
Paracoccus sp. (in: a-proteobacteria),
Commensalibacter sp. AMU001,
Neorickettsia helminthoeca,
Candidatus Wolbachia massiliensis,
Wolbachia endosymbiont of Dipetalonema caudispina,
Wolbachia endosymbiont of Litomosoides sigmodontis,
Wolbachia endosymbiont of Psylliodes chrysocephala,
Candidatus Midichloria mitochondrii,
Rickettsia australis,
Rickettsia canadensis,
Rickettsia endosymbiont of Bemisia tabaci,
Rickettsia typhi,
Sphingomonas sp.,
Candidatus Kinetoplastibacterium crithidii,
Candidatus Vallotia sp. (ex Adelges kitamiensis),
Mycoavidus cysteinexigens,
Polynucleobacter sp. AP-Jannik-300A-C4,
Polynucleobacter sp. AP-Titi-500A-B4,
Polynucleobacter sp. MWH-Aus1W21,
Polynucleobacter sp. MWH-CaK5,
Polynucleobacter sp. MWH-UH24A,
Polaromonas sp. H6N,
Neisseria zoodegmatis,
Aliarcobacter faecis,
Arcobacter acticola,
Arcobacter cloacae,
Arcobacter defluvii,
Arcobacter sp. L,
Malaciobacter molluscorum,
Campylobacter cuniculorum,
Campylobacter hyointestinalis,
Campylobacter iguaniorum,
Campylobacter pinnipediorum,
Campylobacter sp. CN_NE2,
Campylobacter sp. CS_NA3,
Campylobacter sputorum,
Helicobacter acinonychis,
Helicobacter apodemus,
Helicobacter cholecystus,
Helicobacter pullorum,
Sulfurimonas marina,
Sulfurimonas sp. SWIR-19,
Paraglaciecola sp. L3A3,
Shewanella frigidimarina,
Shewanella japonica,
Candidatus Nitrosacidococcus tergens,
Candidatus Doolittlea endobia,Mesophilic
Candidatus Profftia tarda,Mesophilic
Citrobacter sp. RHB25-C09,Mesophilic
Enterobacter sp. S-33,Mesophilic
Enterobacteriaceae endosymbiont of Donacia crassipes,Mesophilic
Enterobacteriaceae endosymbiont of Donacia marginata,Mesophilic
Enterobacteriaceae endosymbiont of Plateumaris pusilla,Mesophilic
secondary endosymbiont of Trabutina mannipara,Mesophilic
Klebsiella sp. MPUS7,Mesophilic
Leclercia sp. 119287,Mesophilic
Leclercia sp. W6,Mesophilic
Photorhabdus akhurstii,Mesophilic
Providencia sneebia,Mesophilic
Providencia sp. PROV188,Mesophilic
Dickeya oryzae,Mesophilic
Serratia inhibens,Mesophilic
Candidatus Pseudothioglobus singularis,
Candidatus Thioglobus autotrophicus,
Legionella adelaidensis,
Acinetobacter equi,
Acinetobacter gyllenbergii,
Acinetobacter sp. C32I,
Acinetobacter sp. WCHA45,
Acinetobacter sp. WCHA55,
Acinetobacter sp. WCHAc010052,
Acinetobacter sp. WY4,
Psychrobacter sp. 28M-43,
Gilliamella sp. B3022,
Actinobacillus suis,
[Mannheimia] succiniciproducens,
Pseudomonas sp. LM8,Mesophilic
Francisella persica,
Candidatus Enterovibrio luxaltus,
Vibrio cortegadensis,
Vibrio gallicus,
Vibrio lentus,
Vibrio rumoiensis,
Vibrio sp. ED004,
Vibrio sp. SCSIO 43140,
Brachyspira hampsonii,
Leptospira biflexa,
Leptospira borgpetersenii,
Borrelia turicatae,
Treponema putidum,
Thermovirga lienii,
Theileria equi,
Komagataella phaffii,
Encephalitozoon cuniculi,
Cafeteria roenbergensis virus,
Megavirus chiliensis,
Diadromus pulchellus toursvirus,
Lausannevirus,
Nile crocodilepox virus,
Human betaherpesvirus 5,
Gallid alphaherpesvirus 1,
Psittacid alphaherpesvirus 1,
Murid betaherpesvirus 2,
Equid alphaherpesvirus 1,
Sukuvirus RSPII1,
Sessunavirus SESS1,
Anayavirus chris,
Birdsnestvirus birdsnest,
Byrnievirus HK97,
Catfishvirus catfish,
Brucella phage BiPBO1,
Clostridium phage phiCP39-O,
Deep-sea thermophilic phage D6E,
Pseudomonas phage AF,
Pseudomonas phage MD8,
Rhodococcus phage ReqiPine5,
Cequinquevirus Ldb,
Coopervirus chrisnmich,
Mycobacterium phage Nhonho,
Mycobacterium phage RhynO,
Hautrevirus hau3,
Kimonavirus kimona,
Lessievirus DC1,
Likavirus lorelei,
Lilmcdreamyvirus lilmcdreamy,
Streptococcus phage MM25,
Pepyhexavirus pepy6,
Phabquatrovirus PHB04,
Shapirovirus cbk,
Stormageddonvirus Stormageddon,
Svunavirus sv1,
Unicornvirus bryler,
Wanderervirus wanderer,
Whackvirus whack,
Arthrobacter phage Adumb2043,
Tefnutvirus siom18,
Bordetella virus CN2,
Zicotriavirus ZC03,
Reyvirus rey,
Skysandvirus lollipop1437,
Salinovirus utanense,
Kehishuvirus primarius,
Kolpuevirus hominis,
Candidatus Methanoplasma termitum,
Thermoplasma volcanium,
Acidilobus saccharovorans,
Aeropyrum camini,
Desulfurococcus amylolyticus,
Staphylothermus hellenicus,Thermophilic
Staphylothermus marinus,Thermophilic
Acidianus manzaensis,
Acidianus sulfidivorans,
Stygiolobus azoricus,
Sulfurisphaera ohwakuensis,
Pyrobaculum aerophilum,
Pyrobaculum islandicum,
Vulcanisaeta moutnovskia,
Archaeoglobus fulgidus,
Archaeoglobus sulfaticallidus,
Salinarchaeum sp. IM2453,
Haloquadratum walsbyi,
Methanobacterium congolense,
Methanobacterium lacus,
Methanobacterium paludis,
Methanothermobacter sp. THM-2,
Methanotorris igneus,
Methanoplanus endosymbiosus,
Methanoplanus limicola,
Methanohalophilus halophilus,
Methanohalophilus mahii,
Methanohalophilus portucalensis,
Methanonatronarchaeum sp. AMET6-2,
Palaeococcus pacificus,
Pyrococcus horikoshii,
Thermococcus barophilus,
Thermococcus celer,
Thermococcus chitonophagus,
Thermococcus gorgonarius,
Thermococcus peptonophilus,
Thermococcus piezophilus,
Thermococcus radiotolerans,
Thermococcus sp. IOH2,
Candidatus Nitrososphaera gargensis,
Nitrosarchaeum sp. AC2,
Candidatus Nitrosopumilus koreensis,
Nitrosopumilus cobalaminigenes,
Nitrosopumilus ureiphilus,
Candidatus Nitrosotalea okcheonensis,
Fannyhessea vaginae,
Gardnerella piotii,
Candidatus Nanopelagicus limnes,
Streptomyces agglomeratus,Mesophilic
Streptomyces phaeochromogenes,Mesophilic
Streptomyces sp. 44414,Mesophilic
Streptomyces sp. F12,Mesophilic
Micrococcus sp. V7,
Micromonospora rosaria,
Mycolicibacterium sp. CBMA 213,
Hydrogenobacter thermophilus,
Thermosulfidibacter takaii,
Bacillus sp. B-3,
Bacillus sp. N5-665,
Priestia endophytica,
Planococcus sp. Urea-3u-39,
Fructilactobacillus carniphilus,
Lactobacillus kefiranofaciens,
Lactobacillus taiwanensis,
Latilactobacillus graminis,
Nicolia spurrieriana,
Oenococcus sp. UCMA 16435,
Pediococcus claussenii,
Pediococcus damnosus,
Weissella koreensis,
Lactococcus piscium,
Streptococcus halichoeri,
Streptococcus sp. KS 6,
Streptococcus sp. Marseille-Q3533,
Streptococcus sp. Marseille-Q6470,
Streptococcus vestibularis,
Mageeibacillus indolicus,
Thermoanaerobacter kivui,
Caldicellulosiruptor bescii,
Caldicellulosiruptor hydrothermalis,
Caldicellulosiruptor kronotskyensis,
Thermodesulfobium narugense,
Erysipelothrix sp. A18Y020d,
Megamonas hypermegale,
Peptoniphilus sp. CBA3646,
Candidatus Chazhemtobacterium aquaticus,
Bacteroides luhongzhouii,Mesophilic
Cardinium endosymbiont of Encarsia pergandiella,
Spirosoma sp. KNUC1025,
Blattabacterium sp. (Cryptocercus kyebangensis),
Chryseobacterium panacisoli,
Chlamydia trachomatis,
cyanobacterium endosymbiont of Rhopalodia gibberula,
Candidatus Atelocyanobacterium thalassa,
Cylindrospermopsis raciborskii,
Nostoc flagelliforme,
Nostoc sp. UHCC 0870,
Lyngbya confervoides,
Leptolyngbya sp. Cla-17,
Dactylococcopsis salina,
Synechococcus sp. A10-1-5-1,
Candidatus Endomicrobium trichonymphae,
Fusobacterium canifelinum,
Fusobacterium hwasookii,
Leptotrichia hongkongensis,
Entomoplasma freundtii,
Mesoplasma chauliocola,
Spiroplasma chinense,
Spiroplasma endosymbiont of 'Nebria riversi',
Spiroplasma eriocheiris,
Spiroplasma syrphidicola,
Spiroplasma turonicum,
Candidatus Hepatoplasma crinochetorum,
Mesomycoplasma dispar,
Mesomycoplasma hyopneumoniae,
Mesomycoplasma molare,
Mycoplasma leachii,
Mycoplasma parvum,
Mycoplasma phocoenae,
Mycoplasma phocoeninasale,
Mycoplasma sp. (ex Biomphalaria glabrata),
Mycoplasma sp. 1018B,
Mycoplasma sp. NEAQ87857,
Mycoplasma wenyonii,
Mycoplasmopsis arginini,
Mycoplasmopsis bovis,
Mycoplasmopsis columbina,
Mycoplasmopsis cynos,
Mycoplasmopsis pullorum,
Mycoplasmopsis synoviae,
Metamycoplasma alkalescens,
Metamycoplasma canadense,
Mycoplasmoides gallisepticum,
Mycoplasmoides genitalium,
Candidatus Paracaedibacter symbiosus,
Bartonella ancashensis,
Bartonella grahamii,
Methylobacterium sp.,
Sinorhizobium sp. LM21,
Candidatus Pelagibacter giovannonii,
Ruegeria sp. PR1b,
Wenxinia marina,
Commensalibacter sp. ESL0284,
Anaplasma platys,
Wolbachia endosymbiont of Chironomus riparius,
Wolbachia endosymbiont of Folsomia candida,
Wolbachia endosymbiont of Howardula sp.,
Rickettsia endosymbiont of Oedothorax gibbosus,
Rickettsiales endosymbiont of Stachyamoeba lipophora,
Sphingomonas sp. JE1,
Candidatus Kinetoplastibacterium blastocrithidii,
Candidatus Kinetoplastibacterium galatii,
Taylorella asinigenitalis,
Burkholderia sp. M701,
Polynucleobacter sp. MWH-P3-07-1,
Neisseria cinerea,
Neisseria subflava,
Neisseria wadsworthii,
Aromatoleum anaerobium,
Aliarcobacter skirrowii,
[Arcobacter] porcinus,
Arcobacter aquimarinus,
Campylobacter avium,
Campylobacter blaseri,
Campylobacter rectus,
Campylobacter sp. 2014D-0216,
Campylobacter sp. CCUG 57310,
Campylobacter sp. RM10537,
Campylobacter sp. RM12175,
Campylobacter sp. RM5004,
Campylobacter sp. RM6137,
Campylobacter subantarcticus,
Campylobacter vulpis,
Helicobacter cinaedi,
Helicobacter typhlonius,
Sulfurospirillum halorespirans,
Sulfurovum lithotrophicum,
Sulfurimonas lithotrophica,
Nautilia profundicola,
Nitrosophilus alvini,
Pseudoalteromonas arctica,
Pseudoalteromonas sp. GCY,
Pseudoalteromonas sp. MelDa3,
Psychromonas sp. CNPT3,
Shewanella sp. FJAT-53764,
Shewanella sp. GutDb-MelDb,
Shewanella sp. WE21,
Sodalis endosymbiont of Henestaris halophilus,Mesophilic
Blochmannia endosymbiont of Camponotus nipponensis,Mesophilic
Candidatus Hoaglandella endobia,Mesophilic
Candidatus Ishikawaella capsulata,Mesophilic
Candidatus Purcelliella pentastirinorum,Mesophilic
Candidatus Riesia pediculicola,Mesophilic
Candidatus Riesia pediculischaeffi,Mesophilic
Enterobacter sp. CP102,Mesophilic
Enterobacter sp. JBIWA003,Mesophilic
Enterobacteriaceae endosymbiont of Donacia thalassina,Mesophilic
Enterobacteriaceae endosymbiont of Donacia tomentosa,Mesophilic
Enterobacteriaceae endosymbiont of Macroplea mutica,Mesophilic
secondary endosymbiont of Heteropsylla cubana,Mesophilic
Erwinia tracheiphila,Mesophilic
Candidatus Pantoea carbekii,Mesophilic
Pantoea sp. Aalb,Mesophilic
Pantoea sp. OXWO6B1,Mesophilic
Wigglesworthia glossinidia,Mesophilic
Arsenophonus endosymbiont of Aleurodicus dispersus,Mesophilic
Photorhabdus laumondii,Mesophilic
Proteus columbae,Mesophilic
Proteus sp. CD3,Mesophilic
Pectobacterium sp. PL64,Mesophilic
Serratia sp. 3ACOL1,Mesophilic
Candidatus Baumannia cicadellinicola,
Candidatus Vesicomyosocius okutanii,
Legionella endosymbiont of Polyplax serrata,
Acinetobacter baylyi,
Acinetobacter bereziniae,
Acinetobacter dispersus,
Acinetobacter sp. AHP123,
Acinetobacter sp. SK-43,
Acinetobacter sp. Z1,
Moraxella cuniculi,
Psychrobacter sp. DAB_AL32B,
Actinobacillus equuli,
Actinobacillus lignieresii,
Actinobacillus porcitonsillarum,
Aggregatibacter segnis,
Aggregatibacter sp. 2125159857,
Aggregatibacter sp. oral taxon 513,
Bisgaardia hudsonensis,
Mannheimia ovis,
Mannheimia sp. USDA-ARS-USMARC-1261,
Francisella halioticida,
Hydrogenovibrio crunogenus,
Thiomicrorhabdus immobilis,
Borrelia coriaceae,
Borrelia sp. RT1S,
Borreliella bissettiae,
Treponema succinifaciens,
Cryptomonas paramecium,
Encephalitozoon hellem,
Micromonas pusilla virus 12T,
Micromonas pusilla virus SP1,
Micromonas sp. RCC1109 virus MpV1,
Moumouvirus,
Trichoplusia ni ascovirus 2c,
Brazilian marseillevirus,
Molluscum contagiosum virus,
Sea otterpox virus,
Bovine papular stomatitis virus,
Bat mastadenovirus A,
Bat mastadenovirus D,
Murine mastadenovirus C,
Ovine mastadenovirus C,
Ranid herpesvirus 2,
Ranid herpesvirus 3,
Cyprinid herpesvirus 3,
Ictalurid herpesvirus 1,
Meleagrid alphaherpesvirus 1,
Equid gammaherpesvirus 2,
Tupaiid betaherpesvirus 1,
Human alphaherpesvirus 1,
Macacine alphaherpesvirus 1,
Bubaline alphaherpesvirus 1,
Cervid alphaherpesvirus 3,
Equid alphaherpesvirus 3,
Monodontid alphaherpesvirus 1,
Suid alphaherpesvirus 1,
Aqualcavirus P14,
Helsettvirus fPS59,
Pradovirus prado,
Sieqvirus S42C7,
Burkholderia virus AH2,
Gwanakrovirus SNUABM08,
Xylella virus Sano,
Amginevirus ekdilam,
Anayavirus adonis,
Anayavirus bella96,
Anayavirus niklas,
Anayavirus yuna,
Anayavirus yunkel11,
Appavirus appa,
Armstrongvirus armstrong,
Aurunvirus STIM5,
Bantamvirus bantam,
Benedictvirus unionjack,
Betterkatzvirus betterkatz,
Bignuzvirus bignuz,
Bingvirus bing,
Britbratvirus britbrat,
Burrovirus arete,
Caelumvirus daudau,
Caminolopintovirus STGO351,
Camvirus endor2,
Abalone shriveling syndrome-associated virus,
Aeromonas phage pAEv1810,
Clostridium phage phiCT19406C,
Erwinia phage Pavtok,
Gordonia phage GMA2,
Gordonia phage GMA4,
Gordonia phage Powerball,
Klebsiella phage vB_KpM_FBKp24,
Microbacterium phage vB_MoxS-R1,
Rhizobium phage vB_RleS_L338C,
Rhodococcus phage REQ2,
Stenotrophomonas phage Salva,
Weissella phage phiYS61,
Yersinia phage phiR1-37,
Celiavirus celia,
Coopervirus adawi,
Dardanusvirus dardanus,
Dismasvirus dismas,
Dragolirvirus dragolir,
Emalynvirus GTE2,
Eneladusvirus Yen904,
Eurybiavirus MED4213,
Fromanvirus Che12,
Gordtnkvirus gordtnk2,
Gorjumvirus jumbo,
Hiyaavirus hiyaa,
Imvubuvirus imvubu,
Incheonvirus P12002L,
Janusvirus janus,
Jenstvirus jenst,
Jolieduovirus jolie2,
Streptomyces virus LukeCage,
Kilunavirus KL1,
Korravirus korra,
Krampusvirus krampus,
Kroosvirus ashertheman,
Lacusarxvirus lacusarx,
Likavirus zemlya,
Luckytenvirus lucky10,
Mementomorivirus mementomori,
Micavirus Mica,
Mimasvirus GAP32,
Streptococcus phage CHPC1148,
Streptococcus phage CHPC873,
Streptococcus phage D4276,
Mufasoctovirus mufasa8,
Mydovirus Ro1,
Myranavirus phabba,
Nipunavirus NP1,
Nyceiraevirus nyceirae,
Gordonia phage Bunnybear,
Phayoncevirus phayonce,
Pikminvirus pikmin,
Poindextervirus BL10,
Polybotosvirus Atuph07,
Puppervirus Pupper,
Rerduovirus RGL3,
Ronaldovirus fryberger,
Sagamiharavirus PP,
Saguarovirus saguaro,
Sasquatchvirus Y3,
Schnabeltiervirus schnabeltier,
Schubertvirus schubert,
Pseudomonas phage BUCT-PX-5,
Septimatrevirus Ab26,
Septimatrevirus sv73,
Sheenvirus Sheen,
Skogvirus Skog,
Svunavirus GBSV1,
Thornevirus SP15,
Tidunavirus VP4B,
Triplejayvirus tripleJ,
Typhavirus typha,
Unicornvirus shandong1,
Vequintavirus JES2013,
Veracruzvirus babyboy,
Vipetofemvirus nattely,
Vividuovirus brandonk123,
Weaselvirus weasel,
Xuquatrovirus PTXU04,
Yoloswagvirus yoloswag,
Tunavirus ISF002,
Webervirus TSK1,
Agatevirus Bp8pC,
Goettingenvirus goe8,
Kayvirus rodi,
Synechococcus phage S-H9-2,
Kanaloavirus scam9,
Synechococcus phage S-SZBM1,
Bosavirus bosa,
Xooduovirus Xoosp2,
Gamaleyavirus EC1UPM,
Roseovarius Plymouth podovirus 1,
Tequatrovirus ecomnbg2,
Bongovirus bongo,
Bronvirus cicholasnage,
Buchavirus copri,
Buhlduvirus porcinus,
Cohcovirus splanchnicus,
Little cherry virus 1,
Mosso das Pedras virus,
Sorghum chlorotic spot virus,
Euonymus yellow mottle associated virus,
Soybean yellow mottle mosaic virus,
Duamitovirus boci3,
Cachoeira Porteira orthobunyavirus,
Jamestown Canyon orthobunyavirus,
Ferak feravirus,
Itaporanga phlebovirus,
Bean necrotic mosaic orthotospovirus,
Varicosavirus alopecuri,
Crimson clover cryptic virus 2,
Rabovirus B,
Mosquito densovirus BR/07,
Apocheima cinerarium nucleopolyhedrovirus,
Bombyx mori nucleopolyhedrovirus,
Choristoneura murinana nucleopolyhedrovirus,
Clanis bilineata nucleopolyhedrovirus,
Ectropis obliqua nucleopolyhedrovirus,
Lonomia obliqua nucleopolyhedrovirus,
Thysanoplusia orichalcea nucleopolyhedrovirus,
Mythimna unipuncta granulovirus B,
Glossina hytrosavirus,
Musca hytrosavirus,
Cedratvirus A11,
Bracoviriform facetosae,
Bracoviriform inaniti,
Pandoravirus macleodensis,
Black grass cryptic virus 2,
Hubei virga-like virus 23,
Mollivirus sibericum,
Wuhan heteroptera virus 1,
Acidianus filamentous virus 9,